ell,camb_tt,grhe_tt
2,5588.811192537065,5506.65566800677
3,5583.225174818889,5501.151764749051
4,5577.644740326352,5495.653362643554
5,5572.069883479021,5490.160456191879
6,5566.500598702038,5484.673039901118
7,5560.936880426117,5479.191108283852
8,5555.37872308754,5473.714655858153
9,5549.826121128149,5468.243677147565
10,5544.279068995342,5462.77816668111
11,5538.737561142065,5457.318118993277
12,5533.201592026811,5451.863528624017
13,5527.671156113611,5446.414390118741
14,5522.146247872027,5440.970698028308
15,5516.626861777151,5435.5324469090265
16,5511.112992309597,5430.099631322645
17,5505.604633955494,5424.672245836348
18,5500.101781206485,5419.250285022749
19,5494.604428559714,5413.833743459885
20,5489.112570517829,5408.422615731217
21,5483.626201588973,5403.016896425615
22,5478.1453162867765,5397.616580137361
23,5472.669909130352,5392.221661466136
24,5467.199974644292,5386.83213501702
25,5461.735507358662,5381.44799540049
26,5456.276501808997,5376.069237232404
27,5450.822952536286,5370.695855134002
28,5445.374854086982,5365.327843731903
29,5439.932201012987,5359.965197658096
30,5434.494987871646,5354.607911549932
31,5429.063209225746,5349.255980050127
32,5423.636859643507,5343.909397806747
33,5418.21593369858,5338.5681594732105
34,5412.800425970037,5333.2322597082775
35,5407.390331042372,5327.901693176049
36,5401.985643505489,5322.576454545958
37,5396.586357954699,5317.256538492765
38,5391.192468990717,5311.941939696553
39,5385.803971219654,5306.632652842725
40,5380.420859253009,5301.32867262199
41,5375.043127707674,5296.029993730371
42,5369.670771205913,5290.736610869186
43,5364.303784375372,5285.448518745054
44,5358.942161849061,5280.16571206988
45,5353.58589826536,5274.888185560859
46,5348.234988268002,5269.615933940462
47,5342.889426506078,5264.348951936438
48,5337.549207634027,5259.087234281807
49,5332.214326311628,5253.830775714847
50,5326.884777203998,5248.579570979099
51,5321.560554981591,5243.333614823361
52,5316.241654320182,5238.092902001675
53,5310.92806990087,5232.857427273327
54,5305.61979641007,5227.627185402842
55,5300.3168285395095,5222.402171159979
56,5295.0191609862195,5217.182379319722
57,5289.726788452531,5211.9678046622785
58,5284.439705646072,5206.758441973075
59,5279.157907279759,5201.554286042746
60,5273.881388071793,5196.355331667137
61,5268.610142745654,5191.161573647293
62,5263.344166030098,5185.973006789455
63,5258.083452659146,5180.789625905057
64,5252.827997372085,5175.6114258107145
65,5247.577794913459,5170.438401328231
66,5242.332840033066,5165.270547284579
67,5237.093127485949,5160.107858511905
68,5231.858652032396,5154.950329847519
69,5226.629408437931,5149.7979561338925
70,5221.40539147331,5144.650732218653
71,5216.186595914516,5139.508652954572
72,5210.973016542752,5134.371713199573
73,5205.764648144439,5129.2399078167155
74,5200.561485511208,5124.113231674193
75,5195.363523439896,5118.99167964533
76,5190.17075673254,5113.875246608572
77,5184.983180196374,5108.763927447487
78,5179.80078864382,5103.657717050755
79,5174.623576892486,5098.556610312166
80,5169.45153976516,5093.460602130613
81,5164.284672089805,5088.369687410085
82,5159.122968699553,5083.283861059669
83,5153.966424432698,5078.203117993537
84,5148.815034132698,5073.127453130947
85,5143.668792648161,5068.056861396232
86,5138.527694832846,5062.991337718802
87,5133.391735545652,5057.930877033131
88,5128.260909650624,5052.87547427876
89,5123.135212016931,5047.825124400282
90,5118.014637518878,5042.77982234735
91,5112.899181035888,5037.7395630746605
92,5107.788837452506,5032.704341541954
93,5102.6836016583875,5027.674152714009
94,5097.583468548295,5022.648991560635
95,5092.488433022096,5017.628853056671
96,5087.398489984755,5012.613732181979
97,5082.3136343463275,5007.603623921436
98,5077.233861021958,5002.598523264935
99,5072.159164931872,4997.598425207373
100,5067.089541001374,4992.603324748653
101,5062.024984160839,4987.613216893675
102,5056.96548934571,4982.628096652328
103,5051.911051496492,4977.647959039494
104,5046.861665558747,4972.672799075033
105,5041.8173264830875,4967.702611783786
106,5036.778029225175,4962.737392195564
107,5031.74376874571,4957.777135345148
108,5026.7145400104355,4952.821836272282
109,5021.690337990119,4947.871490021664
110,5016.6711576605585,4942.926091642948
111,5011.656994002574,4937.985636190736
112,5006.647842002,4933.050118724571
113,5001.643696649687,4928.119534308936
114,4996.644552941487,4923.193878013247
115,4991.650405878256,4918.2731449118455
116,4986.661250465847,4913.357330083999
117,4981.677081715104,4908.446428613892
118,4976.697894641858,4903.540435590622
119,4971.723684266921,4898.639346108197
120,4966.754445616082,4893.743155265525
121,4961.790173720103,4888.851858166417
122,4956.830863614712,4883.965449919576
123,4951.876510340597,4879.08392563859
124,4946.927108943405,4874.207280441937
125,4941.982654473734,4869.335509452971
126,4937.04314198713,4864.4686077999195
127,4932.108566544079,4859.606570615881
128,4927.178923210005,4854.749393038818
129,4922.254207055265,4849.897070211553
130,4917.334413155143,4845.0495972817625
131,4912.419536589844,4840.206969401973
132,4907.50957244449,4835.369181729556
133,4902.604515809118,4830.536229426724
134,4897.70436177867,4825.708107660524
135,4892.809105452992,4820.884811602833
136,4887.918741936828,4816.066336430356
137,4883.033266339813,4811.252677324617
138,4878.152673776471,4806.443829471957
139,4873.276959366209,4801.639788063525
140,4868.406118233313,4796.840548295283
141,4863.54014550694,4792.046105367987
142,4858.6790363211185,4787.2564544871975
143,4853.822785814738,4782.471590863262
144,4848.971389131548,4777.691509711314
145,4844.124841420151,4772.916206251274
146,4839.283137834,4768.1456757078395
147,4834.446273531389,4763.379913310478
148,4829.614243675454,4758.618914293425
149,4824.787043434167,4753.862673895685
150,4819.964667980324,4749.1111873610125
151,4815.147112491551,4744.364449937924
152,4810.3343721502915,4739.622456879682
153,4805.526442143805,4734.885203444291
154,4800.723317664162,4730.152684894499
155,4795.924993908236,4725.424896497784
156,4791.131466077703,4720.701833526361
157,4786.342729379036,4715.983491257164
158,4781.558779023498,4711.269864971852
159,4776.779610227137,4706.560949956797
160,4772.005218210784,4701.856741503085
161,4767.235598200046,4697.157234906505
162,4762.470745425305,4692.462425467553
163,4757.710655121706,4687.772308491416
164,4752.9553225291575,4683.086879287978
165,4748.204742892329,4678.406133171811
166,4743.458911460638,4673.730065462166
167,4738.717823488254,4669.058671482976
168,4733.981474234089,4664.391946562847
169,4729.249858961793,4659.729886035054
170,4724.522972939749,4655.072485237534
171,4719.800811441071,4650.419739512888
172,4715.083369743599,4645.771644208368
173,4710.37064312989,4641.12819467588
174,4705.662626887216,4636.489386271974
175,4700.9593163075615,4631.85521435784
176,4696.260706687614,4627.225674299306
177,4691.566793328766,4622.600761466832
178,4686.877571537101,4617.980471235505
179,4682.193036623399,4613.364798985035
180,4677.513183903123,4608.753740099747
181,4672.838008696422,4604.147289968584
182,4668.167506328117,4599.545443985094
183,4663.50167212771,4594.948197547432
184,4658.840501429362,4590.35554605835
185,4654.183989571904,4585.767484925197
186,4649.532131898823,4581.18400955991
187,4644.884923758262,4576.605115379015
188,4640.242360503012,4572.030797803617
189,4635.604437490509,4567.461052259398
190,4630.971150082829,4562.895874176611
191,4626.342493646685,4558.335258990079
192,4621.718463553421,4553.779202139186
193,4617.0990551790055,4549.227699067874
194,4612.484263904031,4544.680745224641
195,4607.874085113703,4540.138336062531
196,4603.2685141978445,4535.600467039136
197,4598.667546550884,4531.067133616586
198,4594.071177571854,4526.538331261548
199,4589.479402664383,4522.014055445216
200,4584.892217236698,4517.494301643319
201,4580.309616701613,4512.979065336099
202,4575.731596476525,4508.468342008319
203,4571.158151983415,4503.962127149259
204,4566.589278648839,4499.460416252701
205,4562.024971903921,4494.963204816933
206,4557.465227184356,4490.470488344746
207,4552.910039930398,4485.982262343421
208,4548.359405586859,4481.498522324732
209,4543.813319603104,4477.019263804938
210,4539.271777433048,4472.544482304782
211,4534.734774535147,4468.074173349481
212,4530.202306372399,4463.608332468724
213,4525.674368412335,4459.146955196673
214,4521.150956127016,4454.690037071949
215,4516.63206499303,4450.2375736376325
216,4512.1176904914855,4445.789560441261
217,4507.607828108008,4441.34599303482
218,4503.102473332734,4436.906866974743
219,4498.601621660308,4432.472177821902
220,4494.105268589879,4428.041921141608
221,4489.6134096250935,4423.616092503605
222,4485.126040274091,4419.194687482061
223,4480.643156049503,4414.777701655575
224,4476.164752468444,4410.365130607158
225,4471.690825052511,4405.956969924239
226,4467.221369327775,4401.553215198657
227,4462.756380824782,4397.153862026657
228,4458.295855078541,4392.758906008886
229,4453.839787628526,4388.368342750387
230,4449.388174018671,4383.982167860596
231,4444.94100979736,4379.600376953338
232,4440.498290517428,4375.222965646822
233,4436.060011736158,4370.849929563637
234,4431.62616901527,4366.481264330745
235,4427.1967579209195,4362.116965579482
236,4422.771774023695,4357.757028945546
237,4418.351212898615,4353.4014500690055
238,4413.935070125114,4349.050224594274
239,4409.523341287053,4344.703348170133
240,4405.1160219727,4340.360816449701
241,4400.713107774735,4336.022625090446
242,4396.314594290246,4331.688769754179
243,4391.920477120716,4327.359246107041
244,4387.53075187203,4323.034049819511
245,4383.145414154462,4318.713176566391
246,4378.764459582672,4314.396622026807
247,4374.387883775708,4310.084381884205
248,4370.015682356991,4305.776451826344
249,4365.647850954322,4301.4728275452935
250,4361.284385199868,4297.1735047374295
251,4356.925280730161,4292.878479103428
252,4352.570533186098,4288.587746348262
253,4348.2201382129315,4284.301302181201
254,4343.874091460266,4280.019142315799
255,4339.5323885820535,4275.741262469897
256,4335.195025236591,4271.467658365614
257,4330.861997086515,4267.198325729343
258,4326.533299798797,4262.933260291755
259,4322.208929044739,4258.672457787781
260,4317.888880499971,4254.415913956621
261,4313.573149844443,4250.163624541729
262,4309.261732762425,4245.915585290817
263,4304.9546249424975,4241.671791955842
264,4300.651822077554,4237.432240293014
265,4296.353319864792,4233.196926062779
266,4292.059114005708,4228.965845029824
267,4287.769200206094,4224.738992963064
268,4283.483574176038,4220.51636563565
269,4279.202231629914,4216.297958824955
270,4274.925168286378,4212.083768312568
271,4270.652379868366,4207.8737898843
272,4266.38386210309,4203.6680193301745
273,4262.119610722032,4199.466452444418
274,4257.85962146094,4195.269085025464
275,4253.603890059823,4191.075912875944
276,4249.3524122629515,4186.8869318026855
277,4245.105183818847,4182.7021376167095
278,4240.862200480279,4178.521526133219
279,4236.623458004266,4174.3450931716025
280,4232.388952152062,4170.172834555427
281,4228.158678689165,4166.004746112434
282,4223.932633385298,4161.840823674534
283,4219.710812014417,4157.6810630778045
284,4215.493210354699,4153.525460162485
285,4211.279824188543,4149.374010772971
286,4207.070649302562,4145.226710757814
287,4202.86568148758,4141.0835559697125
288,4198.664916538631,4136.944542265513
289,4194.468350254948,4132.8096655062
290,4190.275978439966,4128.678921556898
291,4186.08779690131,4124.552306286861
292,4181.9038014508,4120.429815569472
293,4177.72398790444,4116.311445282245
294,4173.548352082416,4112.197191306805
295,4169.376889809093,4108.087049528899
296,4165.209596913006,4103.981015838384
297,4161.046469226863,4099.879086129228
298,4156.887502587536,4095.781256299499
299,4152.732692836059,4091.6875222513686
300,4148.58203581762,4087.5978798911005
301,4144.435527381563,4083.5123251290534
302,4140.293163381379,4079.430853879672
303,4136.154939674702,4075.353462061484
304,4132.02085212331,4071.280145597097
305,4127.890896593116,4067.210900413197
306,4123.765068954161,4063.1457224405344
307,4119.643365080618,4059.0846076139333
308,4115.525780850785,4055.0275518722783
309,4111.412312147075,4050.9745511585124
310,4107.30295485602,4046.925601419636
311,4103.197704868262,4042.8806986066984
312,4099.0965580785505,4038.839838674796
313,4094.9995103857395,4034.803017583069
314,4090.9065576927796,4030.770231294696
315,4086.817695906718,4026.7414757768893
316,4082.732920938693,4022.716747000894
317,4078.6522287039293,4018.696040941981
318,4074.5756151217347,4014.679353579445
319,4070.503076115494,4010.666680896596
320,4066.4346076126694,4006.658018880763
321,4062.3702055447907,4002.653363523282
322,4058.3098658474564,3998.6527108194987
323,4054.253584460326,3994.656056768759
324,4050.2013573271174,3990.6633973744088
325,4046.1531803956045,3986.674728643789
326,4042.109049617609,3982.69004658823
327,4038.0689609489996,3978.709347223049
328,4034.0329103496874,3974.732626567547
329,4030.0008937836224,3970.759880645003
330,4025.9729072187865,3966.79110548267
331,4021.948946627194,3962.826297111774
332,4017.9290079848824,3958.8654515675044
333,4013.9130872719143,3954.908564889017
334,4009.9011804723677,3950.955633119424
335,4005.8932835743353,3947.0066523057926
336,4001.889392569921,3943.0616184991427
337,3997.889503455232,3939.12052775444
338,3993.8936122303803,3935.1833761305934
339,3989.901714899474,3931.2501596904517
340,3985.913807470614,3927.3208745007955
341,3981.9298859558944,3923.3955166323426
342,3977.949946371393,3919.474082159733
343,3973.9739847371684,3915.556567161532
344,3970.0019970772605,3911.6429677202245
345,3966.03397941968,3907.7332799222104
346,3962.0699277964095,3903.827499857802
347,3958.109838243397,3899.925623621219
348,3954.1537068005528,3896.0276473105846
349,3950.201529511745,3892.1335670279223
350,3946.253302424795,3888.2433788791504
351,3942.309021591477,3884.3570789740825
352,3938.368683067509,3880.4746634264166
353,3934.4322829125526,3876.596128353738
354,3930.4998171902066,3872.7214698775106
355,3926.5712819680057,3868.850684123076
356,3922.6466733174134,3864.9837672196472
357,3918.725987313822,3861.1207153003083
358,3914.809220036544,3857.2615245020065
359,3910.896367568812,3853.40619096555
360,3906.9874259977737,3849.5547108356063
361,3903.082391414487,3845.707080260694
362,3899.1812599139175,3841.863295393183
363,3895.2840275949325,3838.0233523892866
364,3891.3906905602994,3834.187247409063
365,3887.5012449166816,3830.354976616406
366,3883.6156867746326,3826.5265361790453
367,3879.7340122485934,3822.701922268539
368,3875.85621745689,3818.8811310602737
369,3871.9822985217274,3815.064158733458
370,3868.1122515691864,3811.2510014711193
371,3864.2460727292187,3807.441655460099
372,3860.3837581356456,3803.6361168910516
373,3856.5253039261524,3799.834381958438
374,3852.670706242285,3796.0364468605235
375,3848.8199612294447,3792.2423077993717
376,3844.9730650368856,3788.451960980843
377,3841.130013817713,3784.6654026145925
378,3837.290803728874,3780.8826289140593
379,3833.455430931158,3777.10363609647
380,3829.6238915891927,3773.328420382831
381,3825.796181871438,3769.556977997928
382,3821.9722979501844,3765.7893051703163
383,3818.152236001547,3762.025398132324
384,3814.3359922054638,3758.2652531200433
385,3810.523562745691,3754.508866373329
386,3806.7149438097977,3750.7562341357934
387,3802.9101315891658,3747.007352654805
388,3799.109122278983,3743.262218181482
389,3795.3119120782385,3739.520826970688
390,3791.518497189722,3735.783175281033
391,3787.728873820019,3732.0492593748645
392,3783.9430381795055,3728.319075518267
393,3780.160986482346,3724.592619981055
394,3776.3827149464873,3720.8698890367737
395,3772.608219793659,3717.150878962692
396,3768.837497249364,3713.435586039798
397,3765.0705435428804,3709.7240065528
398,3761.3073549072546,3706.016136790118
399,3757.547927579297,3702.311973043881
400,3753.79225779958,3698.611511609926
401,3750.0403418124333,3694.9147487877904
402,3746.2921758659418,3691.221680880712
403,3742.5477562119377,3687.532304195622
404,3738.8070791060018,3683.846615043143
405,3735.0701408074565,3680.1646097375865
406,3731.3369375793636,3676.486284596947
407,3727.607465688519,3672.8116359428977
408,3723.8817214054507,3669.1406601007902
409,3720.159701004414,3665.4733533996487
410,3716.4414007633886,3661.8097121721667
411,3712.7268169640734,3658.1497327547013
412,3709.0159458918847,3654.493411487274
413,3705.3087838359506,3650.840744713562
414,3701.6053270891102,3647.1917287809
415,3697.905571947904,3643.5463600402695
416,3694.2095147125788,3639.904634846304
417,3690.517151687076,3636.266549557276
418,3686.828479179032,3632.6321005351
419,3683.143493499775,3629.001284145328
420,3679.462190964318,3625.374096757142
421,3675.7845678913586,3621.7505347433553
422,3672.110620603274,3618.1305944804058
423,3668.440345426115,3614.514272348351
424,3664.773738689608,3610.9015647308706
425,3661.110796727145,3607.292468015256
426,3657.451515875783,3603.686978592409
427,3653.7958924762424,3600.0850928568416
428,3650.143922872899,3596.4868072066674
429,3646.4956034137817,3592.892118043599
430,3642.8509304505724,3589.301021772949
431,3639.2099003385974,3585.71351480362
432,3635.572509436826,3582.1295935481044
433,3631.9387541078663,3578.5492544224803
434,3628.3086307179633,3574.972493846409
435,3624.682135636994,3571.3993082431302
436,3621.059265238462,3567.8296940394566
437,3617.440015899497,3564.2636476657744
438,3613.8243840008495,3560.701165556037
439,3610.2123659268873,3557.142244147762
440,3606.603958065592,3553.5868798820275
441,3602.9991568085547,3550.035069203469
442,3599.3979585509746,3546.486808560275
443,3595.8003596916533,3542.942094404186
444,3592.206356632991,3539.400923190486
445,3588.615945780985,3535.8632913780043
446,3585.0291235452237,3532.329195429109
447,3581.445886338885,3528.7986318097032
448,3577.866230578731,3525.271596989224
449,3574.2901526851056,3521.748087440634
450,3570.7176490819306,3518.228099640426
451,3567.148716196702,3514.7116300686102
452,3563.5833504604875,3511.198675208718
453,3560.02154830792,3507.6892315477935
454,3556.4633061771974,3504.1832955763925
455,3552.908620510078,3500.6808637885797
456,3549.3574877518745,3497.181932681922
457,3545.809904351455,3493.686498757488
458,3542.265866761235,3490.1945585198446
459,3538.7253714371773,3486.7061084770507
460,3535.1884148387853,3483.221145140655
461,3531.6549934291033,3479.7396650256956
462,3528.1251036747085,3476.26166465069
463,3524.5987420457122,3472.78714053764
464,3521.0759050157512,3469.3160892120195
465,3517.5565890619882,3465.848507202777
466,3514.040790665108,3462.3843910423307
467,3510.5285063093115,3458.9237372665643
468,3507.0197324823134,3455.4665424148234
469,3503.51446567534,3452.0128030299124
470,3500.012702383124,3448.5625156580923
471,3496.514439103903,3445.1156768490755
472,3493.019672339412,3441.6722831560223
473,3489.528398594884,3438.232331135539
474,3486.040614379046,3434.795817347674
475,3482.5563162041126,3431.362738355912
476,3479.075500585786,3427.9330907271747
477,3475.598164043249,3424.5068710318133
478,3472.1243030991664,3421.0840758436084
479,3468.6539142796755,3417.664701739764
480,3465.1869941143887,3414.248745300907
481,3461.7235391363847,3410.8362031110796
482,3458.263545882208,3407.427071757739
483,3454.8070108918655,3404.021347831755
484,3451.353930708822,3400.6190279274024
485,3447.9043018799966,3397.2201086423606
486,3444.4581209557605,3393.8245865777108
487,3441.0153844899323,3390.4324583379303
488,3437.576089039776,3387.0437205308913
489,3434.140231165994,3383.658369767854
490,3430.70780743273,3380.2764026634686
491,3427.2788144075594,3376.897815835768
492,3423.8532486614886,3373.5226059061647
493,3420.4311067689514,3370.1507694994475
494,3417.012385307807,3366.7823032437823
495,3413.597080859332,3363.4172037706994
496,3410.1851900082224,3360.0554677151013
497,3406.7767093425873,3356.697091715251
498,3403.3716354539447,3353.3420724127714
499,3399.9699649372224,3349.990406452645
500,3396.5716943907473,3346.642090483203
501,3393.17682041625,3343.2971211561307
502,3389.785339618856,3339.9554951264586
503,3386.397248607084,3336.6172090525597
504,3383.0125439928424,3333.2822595961475
505,3379.631222391427,3329.9506434222726
506,3376.2532804215157,3326.622357199319
507,3372.878714705166,3323.2973975990003
508,3369.5075218678126,3319.9757612963554
509,3366.1396985382617,3316.657444969749
510,3362.775241348689,3313.3424453008633
511,3359.414146934639,3310.0307589747
512,3356.056411935015,3306.7223826795703
513,3352.7020329920833,3303.4173131070997
514,3349.3510067514635,3300.115546952217
515,3346.0033298621297,3296.817080913156
516,3342.6589989764047,3293.5219116914514
517,3339.3180107499575,3290.2300359919327
518,3335.9803618417986,3286.941450522724
519,3332.6460489142805,3283.6561519952406
520,3329.3150686330887,3280.374137124182
521,3325.987417667242,3277.0954026275335
522,3322.663092689091,3273.8199452265612
523,3319.34209037431,3270.5477616458074
524,3316.024407401895,3267.278848613087
525,3312.7100404541648,3264.0132028594885
526,3309.3989862167505,3260.750821119364
527,3306.0912413785977,3257.491700130332
528,3302.786802631962,3254.235836633272
529,3299.4856666724045,3250.98322737232
530,3296.187830198789,3247.733869094867
531,3292.8932899132783,3244.487758551553
532,3289.602042521331,3241.2448924962673
533,3286.3140847317013,3238.005267686145
534,3283.02941325643,3234.76888088156
535,3279.748024810845,3231.5357288461255
536,3276.4699161135586,3228.305808346689
537,3273.1950838864614,3225.0791161533302
538,3269.9235248547207,3221.855649039356
539,3266.655235746777,3218.6354037812994
540,3263.390213294342,3215.418377158915
541,3260.128454232392,3212.2045659551754
542,3256.869955299168,3208.99396695627
543,3253.6147132361702,3205.7865769515984
544,3250.3627247881573,3202.582392733771
545,3247.1139867031397,3199.3814110986036
546,3243.8684957323794,3196.183628845113
547,3240.6262486303854,3192.9890427755186
548,3237.3872421549095,3189.797649695232
549,3234.1514730669464,3186.6094464128623
550,3230.918938130725,3183.4244297402033
551,3227.689634113712,3180.2425964922404
552,3224.463557786601,3177.0639434871377
553,3221.2407059233174,3173.8884675462446
554,3218.021075301008,3170.716165494083
555,3214.8046627000413,3167.5470341583505
556,3211.591464904006,3164.381070369917
557,3208.381478699703,3161.2182709628173
558,3205.174700877146,3158.0586327742517
559,3201.971128229557,3154.902152644582
560,3198.770757553363,3151.748827417329
561,3195.5735856481933,3148.5986539391647
562,3192.3796093168753,3145.451629059917
563,3189.1888253654333,3142.3077496325614
564,3186.0012306030817,3139.1670125132164
565,3182.816821842227,3136.029414561146
566,3179.6355958984586,3132.894952638751
567,3176.457549590551,3129.76362361157
568,3173.282679740458,3126.6354243482733
569,3170.1109831733093,3123.5103517206617
570,3166.942456717408,3120.3884026036617
571,3163.7770972042267,3117.2695738753246
572,3160.614901468407,3114.153862416821
573,3157.4558663477524,3111.04126511244
574,3154.2999886832263,3107.9317788495828
575,3151.1472653189517,3104.8254005187628
576,3147.9976931022056,3101.722127013603
577,3144.8512688834153,3098.621955230829
578,3141.7079895161555,3095.5248820702677
579,3138.5678518571463,3092.430904434846
580,3135.4308527662515,3089.3400192305876
581,3132.2969891064704,3086.252223366605
582,3129.1662577439397,3083.1675137551038
583,3126.0386555479267,3080.085887311372
584,3122.914179390831,3077.007340953786
585,3119.792826148174,3073.9318716037956
586,3116.674592698603,3070.8594761859335
587,3113.559475923885,3067.790151627804
588,3110.4474727089023,3064.723894860081
589,3107.3385799416515,3061.660702816509
590,3104.2327945132397,3058.6005724338947
591,3101.1301133178804,3055.5435006521075
592,3098.0305332528937,3052.4894844140763
593,3094.9340512186977,3049.4385206657826
594,3091.840664118811,3046.3906063562645
595,3088.7503688598467,3043.345738437607
596,3085.663162351508,3040.303913864941
597,3082.5790415065894,3037.2651295964424
598,3079.498003240969,3034.2293825933266
599,3076.4200444736084,3031.196669819846
600,3073.3451621265485,3028.166988243288
601,3070.2733531249064,3025.14033483397
602,3067.204614396874,3022.11670656524
603,3064.1389428737107,3019.096100413467
604,3061.0763354897467,3016.0785133580475
605,3058.0167891823726,3013.0639423813914
606,3054.9603008920426,3010.0523844689296
607,3051.906867562269,3007.0438366091034
608,3048.8564861396158,3004.0382957933634
609,3045.8091535737035,3001.03575901617
610,3042.7648668171987,2998.036223274986
611,3039.7236228258143,2995.0396855702747
612,3036.685418558306,2992.046142905499
613,3033.650250976469,2989.055592287115
614,3030.618117045136,2986.0680307245725
615,3027.589013732173,2983.08345523031
616,3024.5629380084756,2980.1018628197507
617,3021.539886847968,2977.1232505113026
618,3018.5198572275995,2974.1476153263534
619,3015.5028461273396,2971.1749542892676
620,3012.488850530177,2968.205264427383
621,3009.4778674221166,2965.2385427710115
622,3006.4698937921735,2962.274786353428
623,3003.4649266323754,2959.3139922108794
624,3000.4629629377537,2956.3561573825687
625,2997.4639997063455,2953.401278910662
626,2994.468033939186,2950.44935384028
627,2991.475062640311,2947.5003792194984
628,2988.4850828167478,2944.5543520993415
629,2985.498091478516,2941.6112695337815
630,2982.5140856386242,2938.6711285797364
631,2979.5330623130667,2935.7339262970645
632,2976.5550185208203,2932.799659748564
633,2973.5799512838403,2929.8683259999675
634,2970.6078576270593,2926.9399221199415
635,2967.6387345783837,2924.0144451800816
636,2964.6725791686895,2921.0918922549095
637,2961.709388431822,2918.172260421874
638,2958.749159404589,2915.2555467613415
639,2955.791889126763,2912.3417483565995
640,2952.837574641072,2909.4308622938483
641,2949.8862129932018,2906.5228856622016
642,2946.93780123179,2903.6178155536827
643,2943.9923364084257,2900.7156490632215
644,2941.049815577642,2897.8163832886507
645,2938.1102357969203,2894.9200153307056
646,2935.1735941266784,2892.026542293016
647,2932.239887630276,2889.1359612821107
648,2929.3091133740045,2886.2482694074065
649,2926.381268427091,2883.363463781213
650,2923.45634986169,2880.481541518723
651,2920.5343547528823,2877.602499738015
652,2917.6152801786725,2874.7263355600458
653,2914.699123219986,2871.853046108652
654,2911.7858809606664,2868.9826285105446
655,2908.87555048747,2866.115079895304
656,2905.968128890066,2863.250397395382
657,2903.063613261033,2860.388578146096
658,2900.162000695856,2857.5296192856267
659,2897.263288292921,2854.673517955015
660,2894.367473153515,2851.8202712981583
661,2891.4745523818247,2848.9698764618115
662,2888.5845230849272,2846.1223305955787
663,2885.6973823727935,2843.2776308519133
664,2882.8131273582826,2840.4357743861156
665,2879.931755157139,2837.596758356329
666,2877.0532628879905,2834.760579923537
667,2874.1776476723453,2831.9272362515617
668,2871.304906634587,2829.0967245070583
669,2868.4350369019744,2826.2690418595153
670,2865.5680356046378,2823.4441854812494
671,2862.7038998755756,2820.6221525474048
672,2859.842626850652,2817.802940235947
673,2856.9842136685934,2814.986545727665
674,2854.1286574709866,2812.172966206163
675,2851.2759554022755,2809.362198857862
676,2848.4261046097563,2806.5542408719925
677,2845.57910224358,2803.749089440599
678,2842.7349454567434,2800.9467417585292
679,2839.893631405088,2798.147195023433
680,2837.0551572473014,2795.350446435766
681,2834.219520144909,2792.5564931987788
682,2831.386717262272,2789.7653325185165
683,2828.5567457665884,2786.9769616038193
684,2825.7296028278865,2784.1913776663164
685,2822.905285619023,2781.408577920423
686,2820.0837913156797,2778.628559583339
687,2817.265117096363,2775.8513198750466
688,2814.449260142399,2773.0768560183055
689,2811.6362176379293,2770.3051652386516
690,2808.825986769911,2767.5362447643934
691,2806.0185647281137,2764.7700918266105
692,2803.2139487051154,2762.00670365915
693,2800.4121358962993,2759.2460774986234
694,2797.613123499852,2756.488210584404
695,2794.8169087167616,2753.733100158625
696,2792.0234887508127,2750.9807434661757
697,2789.2328608085854,2748.231137754699
698,2786.4450220994513,2745.4842802745893
699,2783.6599698355712,2742.740168278988
700,2780.8777012318933,2739.998799023784
701,2778.0982135061486,2737.260169767608
702,2775.321503878848,2734.524277771829
703,2772.5475695732835,2731.791120300556
704,2769.776407815519,2729.060694620631
705,2767.0080158343935,2726.332998001628
706,2764.242390861514,2723.60802771585
707,2761.479530131256,2720.8857810383265
708,2758.719430880759,2718.1662552468115
709,2755.9620903499217,2715.449447621778
710,2753.2075057814045,2712.7353554464175
711,2750.455674420623,2710.0239760066397
712,2747.7065935157448,2707.3153065910633
713,2744.960260317689,2704.609344491019
714,2742.216672080123,2701.906087000545
715,2739.4758260594567,2699.2055314163827
716,2736.737719514845,2696.5076750379767
717,2734.002349708181,2693.812515167471
718,2731.2697139040947,2691.1200491097043
719,2728.5398093699496,2688.4302741722113
720,2725.8126333758414,2685.7431876652163
721,2723.0881831945935,2683.058786901633
722,2720.366456101756,2680.37706919706
723,2717.6474493756014,2677.6980318697797
724,2714.931160297122,2675.021672240754
725,2712.21758615003,2672.3479876336246
726,2709.5067242207497,2669.6769753747044
727,2706.7985717984193,2667.0086327929826
728,2704.0931261748865,2664.3429572201157
729,2701.390384644705,2661.6799459904278
730,2698.6903445051335,2659.0195964409077
731,2695.993003056132,2656.3619059112066
732,2693.2983576003567,2653.7068717436314
733,2690.6064054431645,2651.0544912831497
734,2687.917143892602,2648.4047618773807
735,2685.230570259407,2645.757680876594
736,2682.546681857006,2643.113245633708
737,2679.8654760015106,2640.471453504288
738,2677.1869500117145,2637.832301846542
739,2674.5111012090915,2635.1957880213176
740,2671.8379269177926,2632.561909392101
741,2669.1674244646433,2629.930663325013
742,2666.4995911791407,2627.302047188807
743,2663.8344243934516,2624.6760583548676
744,2661.171921442409,2622.0526941972053
745,2658.512079663509,2619.4319520924555
746,2655.8548963969115,2616.8138294198766
747,2653.200368985431,2614.198323561345
748,2650.54849477454,2611.5854319013542
749,2647.8992711123656,2608.9751518270136
750,2645.252695349682,2606.3674807280418
751,2642.6087648399152,2603.762415996768
752,2639.967476939133,2601.1599550281276
753,2637.3288290060477,2598.5600952196587
754,2634.692818402011,2595.9628339715014
755,2632.0594424910128,2593.3681686863947
756,2629.428698639676,2590.7760967696727
757,2626.800584217257,2588.186615629263
758,2624.175096595641,2585.5997226756854
759,2621.5522331493403,2583.0154153220446
760,2618.9319912554915,2580.433690984036
761,2616.314368293852,2577.854547079932
762,2613.6993616467994,2575.2779810305915
763,2611.0869686993256,2572.703990259445
764,2608.477186839038,2570.132572192504
765,2605.870013456155,2567.5637242583493
766,2603.265445943502,2564.9974438881327
767,2600.663481696513,2562.433728515574
768,2598.064118113222,2559.8725755769574
769,2595.467352594265,2557.313982511129
770,2592.873182542877,2554.757946759497
771,2590.281605364888,2552.204465766024
772,2587.69261846872,2549.6535369772296
773,2585.1062192653862,2547.105157842185
774,2582.5224051684872,2544.5593258125105
775,2579.9411735942085,2542.0160383423736
776,2577.362521961318,2539.475292888487
777,2574.786447691165,2536.937086910105
778,2572.212948207674,2534.401417869021
779,2569.642020937345,2531.868283229566
780,2567.0736633092515,2529.3376804586055
781,2564.5078727550354,2526.809607025536
782,2561.9446467089056,2524.2840604022845
783,2559.383982607636,2521.7610380633037
784,2556.8258778905624,2519.240537485571
785,2554.2703299995796,2516.7225561485857
786,2551.71733637914,2514.2070915343666
787,2549.1668944762487,2511.694141127448
788,2546.619001740465,2509.1837024148804
789,2544.073655623895,2506.6757728862235
790,2541.530853581193,2504.1703500335493
791,2538.9905930695554,2501.6674313514327
792,2536.452871548723,2499.167014336957
793,2533.9176864809738,2496.6690964897034
794,2531.3850353311223,2494.173675311755
795,2528.8549155665164,2491.6807483076886
796,2526.327324657037,2489.1903129845787
797,2523.8022600750933,2486.702366851989
798,2521.2797192956195,2484.2169074219737
799,2518.7596997960754,2481.733932209073
800,2516.2421990564408,2479.253438730311
801,2513.727214559215,2476.7754245051947
802,2511.214743789413,2474.2998870557085
803,2508.7047842345646,2471.8268239063163
804,2506.197333384709,2469.356232583954
805,2503.692388732396,2466.8881106180297
806,2501.18994777268,2464.4224555404217
807,2498.6900080031205,2461.9592648854746
808,2496.192566923777,2459.4985361899976
809,2493.697622037209,2457.040266993262
810,2491.20517084847,2454.5844548369973
811,2488.71521086511,2452.131097265393
812,2486.2277395971682,2449.68019182509
813,2483.742754557173,2447.2317360651828
814,2481.26025326014,2444.7857275372157
815,2478.7802332235665,2442.34216379518
816,2476.3026919674326,2439.901042395511
817,2473.8276270141973,2437.4623608970887
818,2471.3550358887946,2435.026116861229
819,2468.8849161186345,2432.5923078516903
820,2466.417265233596,2430.160931434662
821,2463.9520807660283,2427.7319851787674
822,2461.489360250747,2425.3054666550606
823,2459.0291012250304,2422.8813734370224
824,2456.57130122862,2420.459703100559
825,2454.115957803716,2418.0404532240013
826,2451.663068494974,2415.623621388098
827,2449.212630849505,2413.209205176017
828,2446.7646424168706,2410.7972021733426
829,2444.3191007490827,2408.387609968071
830,2441.8760034005995,2405.9804261506106
831,2439.4353479283227,2403.575648313776
832,2436.9971318915977,2401.173274052791
833,2434.561352852207,2398.7733009652798
834,2432.1280083743727,2396.3757266512694
835,2429.697096024749,2393.9805487131853
836,2427.268613372424,2391.5877647558495
837,2424.842557988915,2389.1973723864776
838,2422.418927448165,2386.8093692146767
839,2419.9977193265454,2384.423752852445
840,2417.5789312028464,2382.0405209141645
841,2415.1625606582797,2379.6596710166027
842,2412.7486052764757,2377.281200778911
843,2410.337062643477,2374.905107822618
844,2407.927930347743,2372.531389771631
845,2405.5212059801393,2370.1600442522313
846,2403.1168871339423,2367.7910688930733
847,2400.7149714048323,2365.4244613251813
848,2398.3154563908943,2363.060219181948
849,2395.9183396926123,2360.6983400991307
850,2393.5236189128696,2358.3388217148504
851,2391.131291656945,2355.981661669588
852,2388.741355532512,2353.626857606184
853,2386.3538081496326,2351.274407169833
854,2383.968647120761,2348.9243080080855
855,2381.585870060735,2346.576557770842
856,2379.2054745867777,2344.231154110352
857,2376.827458318493,2341.888094681211
858,2374.4518188778648,2339.54737714036
859,2372.0785538892533,2337.208999147081
860,2369.7076609793935,2334.872958362996
861,2367.339137777392,2332.539252452064
862,2364.9729819147256,2330.207879080579
863,2362.609191025238,2327.8788359171667
864,2360.247762745139,2325.5521206327853
865,2357.8886947129986,2323.2277309007172
866,2355.5319845697495,2320.905664396574
867,2353.1776299586813,2318.5859187982887
868,2350.8256285254397,2316.2684917861156
869,2348.475977918022,2313.9533810426274
870,2346.1286757867783,2311.6405842527124
871,2343.7837197844055,2309.330099103575
872,2341.441107565948,2307.0219232847285
873,2339.1008367887935,2304.716054487998
874,2336.7629051126705,2302.4124904075143
875,2334.427310199647,2300.111228739712
876,2332.0940497141282,2297.8122671833303
877,2329.763121322854,2295.515603439408
878,2327.434522694895,2293.2212352112797
879,2325.108251501653,2290.9291602045782
880,2322.7843054168557,2288.639376127228
881,2320.4626821165575,2286.351880689444
882,2318.143379279135,2284.0666716037317
883,2315.826394585285,2281.783746584881
884,2313.5117257180223,2279.503103349967
885,2311.199370362678,2277.2247396183466
886,2308.889326206897,2274.9486531116554
887,2306.5815909406347,2272.6748415538073
888,2304.276162256155,2270.4033026709894
889,2301.9730378480303,2268.1340341916643
890,2299.672215413135,2265.8670338465618
891,2297.3736926506463,2263.6022993686815
892,2295.0774672620423,2261.33982849329
893,2292.7835369510963,2259.079618957915
894,2290.4918994238787,2256.8216685023476
895,2288.2025523887514,2254.5659748686367
896,2285.915493556367,2252.3125358010884
897,2283.630720639667,2250.061349046264
898,2281.3482313538775,2247.8124123529756
899,2279.0680234165097,2245.565723472287
900,2276.7900945473552,2243.321280157509
901,2274.514442468485,2241.0790801641983
902,2272.2410649042463,2238.8391212501538
903,2269.969959581262,2236.6014011754173
904,2267.7011242284275,2234.3659177022696
905,2265.4345565769054,2232.132668595225
906,2263.1702543601286,2229.9016516210345
907,2260.9082153137947,2227.672864548682
908,2258.6484371758647,2225.4463051493794
909,2256.39091768656,2223.2219711965677
910,2254.1356545883614,2220.999860465912
911,2251.882645626005,2218.7799707353024
912,2249.6318885464816,2216.562299784848
913,2247.3833810990345,2214.3468453968785
914,2245.137121035156,2212.133605355939
915,2242.893106108585,2209.9225774487886
916,2240.6513340753077,2207.7137594644005
917,2238.4118026935507,2205.5071491939552
918,2236.1745097237836,2203.3027444308436
919,2233.939452928712,2201.1005429706597
920,2231.706630073279,2198.9005426112017
921,2229.476038924663,2196.7027411524705
922,2227.2476772522714,2194.507136396663
923,2225.0215428277425,2192.3137261481747
924,2222.7976334249415,2190.1225082135948
925,2220.57594681996,2187.933480401706
926,2218.35648079111,2185.7466405234804
927,2216.139233118926,2183.5619863920774
928,2213.924201586159,2181.3795158228427
929,2211.7113839777785,2179.199226633305
930,2209.500778080966,2177.021116643176
931,2207.292381685116,2174.8451836743448
932,2205.0861925818317,2172.6714255508787
933,2202.8822085649235,2170.499840099019
934,2200.6804274304077,2168.3304251471804
935,2198.480846976503,2166.1631785259483
936,2196.2834650036275,2163.998098068074
937,2194.088279314401,2161.835181608479
938,2191.8952877136367,2159.674426984246
939,2189.704488008342,2157.5158320346195
940,2187.5158780077186,2155.359394601005
941,2185.3294555231546,2153.205112526964
942,2183.145218368229,2151.052983658216
943,2180.963164358703,2148.90300584263
944,2178.7832913125235,2146.7551769302295
945,2176.605597049817,2144.6094947731845
946,2174.4300793928887,2142.4659572258133
947,2172.256736166221,2140.324562144577
948,2170.0855651964707,2138.1853073880825
949,2167.916564312466,2136.0481908170727
950,2165.749731345207,2133.9132102944322
951,2163.5850641278594,2131.7803636851795
952,2161.422560495756,2129.649648856468
953,2159.2622182863934,2127.5210636775832
954,2157.104035339429,2125.3946060199396
955,2154.9480094966802,2123.270273757079
956,2152.79413860212,2121.1480647646686
957,2150.6424205018775,2119.0279769205
958,2148.4928530442353,2116.910008104485
959,2146.3454340796247,2114.794156198654
960,2144.2001614606274,2112.680419087156
961,2142.05703304197,2110.568794656253
962,2139.9160466805242,2108.4592807943204
963,2137.7772002353036,2106.3518753918447
964,2135.6404915674616,2104.2465763414198
965,2133.505918540289,2102.1433815377463
966,2131.373479019212,2100.0422888776293
967,2129.2431708717922,2097.9432962599767
968,2127.114991967721,2095.8464015857953
969,2124.988940178818,2093.7516027581896
970,2122.8650133790334,2091.6588976823614
971,2120.7432094444384,2089.568284265605
972,2118.62352625323,2087.4797604173073
973,2116.5059616857243,2085.393324048944
974,2114.3905136243566,2083.3089730740785
975,2112.277179953679,2081.22670540836
976,2110.165958560357,2079.1465189695195
977,2108.056847333169,2077.0684116773714
978,2105.949844163005,2074.992381453809
979,2103.84494694286,2072.9184262228
980,2101.7421535678377,2070.84654391039
981,2099.6414619351435,2068.776732444697
982,2097.5428699440868,2066.7089897559085
983,2095.4463754960743,2064.643313776282
984,2093.3519764946122,2062.5797024401413
985,2091.259670845301,2060.518153683875
986,2089.169456455835,2058.4586654459345
987,2087.0813312359996,2056.4012356668304
988,2084.995293097669,2054.3458622891335
989,2082.911339954806,2052.2925432574702
990,2080.829469723456,2050.241276518521
991,2078.749680321749,2048.192060021019
992,2076.6719696698956,2046.144891715748
993,2074.5963356901852,2044.0997695555395
994,2072.522776306983,2042.0566914952701
995,2070.4512894467302,2040.0156554918633
996,2068.3818730379394,2037.9766595042815
997,2066.314525011194,2035.9397014935291
998,2064.2492432991453,2033.9047794226478
999,2062.1860258365123,2031.8718912567153
1000,2060.124870560077,2029.8410349628437
1001,2058.065775408684,2027.8122085101766
1002,2056.0087383232376,2025.7854098698858
1003,2053.953757246701,2023.7606370151746
1004,2051.9008301240933,2021.737887921269
1005,2049.8499549024864,2019.7171605654198
1006,2047.8011295310046,2017.6984529268987
1007,2045.7543519608237,2015.6817629869995
1008,2043.709620145165,2013.6670887290309
1009,2041.666932039297,2011.6544281383194
1010,2039.6262856005305,2009.6437792022027
1011,2037.5876787882203,2007.6351399100333
1012,2035.551109563758,2005.6285082531706
1013,2033.5165758905757,2003.623882224984
1014,2031.484075734138,2001.621259820846
1015,2029.453607061946,1999.6206390381353
1016,2027.4251678435298,1997.6220178762298
1017,2025.3987560504506,1995.6253943365089
1018,2023.3743696562958,1993.6307664223482
1019,2021.3520066366798,1991.6381321391204
1020,2019.3316649692385,1989.6474894941907
1021,2017.3133426336308,1987.6588364969164
1022,2015.2970376115334,1985.6721711586438
1023,2013.2827478866418,1983.687491492708
1024,2011.2704714446656,1981.704795514429
1025,2009.260206273329,1979.724081241111
1026,2007.2519503623657,1977.7453466920388
1027,2005.2457017035206,1975.7685898884788
1028,2003.2414582905435,1973.7938088536723
1029,2001.2392181191922,1971.82100161284
1030,1999.2389791872254,1969.850166193173
1031,1997.2407394944046,1967.8813006238368
1032,1995.2444970424895,1965.9144029359647
1033,1993.250249835238,1963.9494711626598
1034,1991.2579958784024,1961.98650333899
1035,1989.2677331797286,1960.0254975019864
1036,1987.2794597489535,1958.0664516906438
1037,1985.2931735978043,1956.1093639459166
1038,1983.3088727399934,1954.1542323107153
1039,1981.3265551912214,1952.2010548299104
1040,1979.3462189691688,1950.249829550322
1041,1977.367862093501,1948.3005545207263
1042,1975.3914825858592,1946.353227791847
1043,1973.417078469865,1944.4078474163578
1044,1971.4446477711138,1942.4644114488783
1045,1969.4741885171748,1940.5229179459723
1046,1967.5056987375876,1938.583364966145
1047,1965.5391764638641,1936.6457505698452
1048,1963.5746197294804,1934.710072819457
1049,1961.6120265698803,1932.776329779303
1050,1959.6513950224698,1930.8445195156394
1051,1957.6927231266181,1928.9146400966567
1052,1955.7360089236524,1926.9866895924747
1053,1953.7812504568587,1925.0606660751428
1054,1951.8284457714783,1923.1365676186374
1055,1949.8775929147066,1921.2143922988603
1056,1947.9286899356894,1919.2941381936346
1057,1945.9817348855254,1917.375803382708
1058,1944.0367258172578,1915.459385947744
1059,1942.0936607858787,1913.5448839723263
1060,1940.1525378483213,1911.632295541951
1061,1938.2133550634646,1909.7216187440315
1062,1936.2761104921235,1907.8128516678892
1063,1934.340802197055,1905.905992404758
1064,1932.407428242949,1904.0010390477776
1065,1930.475986696433,1902.0979896919953
1066,1928.546475626064,1900.1968424343606
1067,1926.618893102332,1898.2975953737277
1068,1924.6932371976532,1896.4002466108475
1069,1922.7695059863725,1894.5047942483727
1070,1920.8476975447572,1892.6112363908492
1071,1918.9278099510002,1890.7195711447205
1072,1917.0098412852126,1888.82979661832
1073,1915.0937896294265,1886.9419109218738
1074,1913.179653067589,1885.0559121674953
1075,1911.2674296855648,1883.171798469187
1076,1909.3571175711288,1881.2895679428332
1077,1907.4487148139701,1879.4092187062047
1078,1905.5422195056844,1877.5307488789508
1079,1903.6376297397778,1875.654156582603
1080,1901.734943611659,1873.7794399405675
1081,1899.834159218643,1871.906597078129
1082,1897.9352746599438,1870.0356261224426
1083,1896.0382880366778,1868.1665252025387
1084,1894.1431974518575,1866.299292449315
1085,1892.250001010393,1864.43392599554
1086,1890.3586968190868,1862.570423975846
1087,1888.4692829866353,1860.7087845267317
1088,1886.5817576236236,1858.8490057865563
1089,1884.6961188425273,1856.991085895542
1090,1882.8123647577067,1855.1350229957684
1091,1880.9304934854079,1853.2808152311723
1092,1879.050503143759,1851.4284607475456
1093,1877.17239185277,1849.5779576925343
1094,1875.2961577343292,1847.7293042156346
1095,1873.4217989122028,1845.8824984681933
1096,1871.5493135120307,1844.0375386034038
1097,1869.678699661329,1842.1944227763072
1098,1867.8099554894818,1840.3531491437864
1099,1865.9430791277464,1838.5137158645684
1100,1864.0780687092454,1836.6761210992195
1101,1862.2149223689687,1834.8403630101448
1102,1860.353638243769,1833.0064397615854
1103,1858.4942144723632,1831.1743495196195
1104,1856.6366491953263,1829.344090452155
1105,1854.7809405550934,1827.5156607289334
1106,1852.9270866959555,1825.6890585215249
1107,1851.0750857640592,1823.8642820033274
1108,1849.2249359074026,1822.0413293495637
1109,1847.3766352758362,1820.2201987372814
1110,1845.5301820210586,1818.400888345349
1111,1843.6855742966172,1816.583396354457
1112,1841.8428102579037,1814.7677209471124
1113,1840.0018880621537,1812.95386030764
1114,1838.162805868445,1811.1418126221788
1115,1836.325561837696,1809.3315760786816
1116,1834.4901541326612,1807.523148866911
1117,1832.6565809179338,1805.71652917844
1118,1830.8248403599398,1803.9117152066485
1119,1828.994930626939,1802.108705146723
1120,1827.166849889021,1800.3074971956523
1121,1825.3405963181053,1798.5080895522292
1122,1823.5161680879378,1796.7104804170451
1123,1821.6935633740907,1794.9146679924916
1124,1819.8727803539582,1793.1206504827549
1125,1818.0538172067586,1791.3284260938192
1126,1816.2366721135274,1789.5379930334584
1127,1814.4213432571194,1787.7493495112396
1128,1812.607828822206,1785.9624937385197
1129,1810.796126995272,1784.1774239284414
1130,1808.9862359646165,1782.3941382959365
1131,1807.1781539203475,1780.6126350577183
1132,1805.371879054383,1778.8329124322836
1133,1803.5674095604481,1777.0549686399095
1134,1801.764743634073,1775.278801902652
1135,1799.9638794725915,1773.5044104443443
1136,1798.16481527514,1771.7317924905954
1137,1796.3675492426528,1769.9609462687856
1138,1794.5720795778652,1768.1918700080705
1139,1792.7784044853065,1766.4245619393723
1140,1790.986522171302,1764.659020295384
1141,1789.1964308439685,1762.8952433105621
1142,1787.408128713215,1761.1332292211307
1143,1785.6216139907394,1759.3729762650755
1144,1783.8368848900263,1757.6144826821428
1145,1782.0539396263468,1755.8577467138396
1146,1780.2727764167557,1754.1027666034292
1147,1778.493393480089,1752.3495405959316
1148,1776.7157890369645,1750.598066938121
1149,1774.9399613097764,1748.8483438785227
1150,1773.1659085226984,1747.1003696674147
1151,1771.3936289016756,1745.3541425568208
1152,1769.6231206744303,1743.6096608005162
1153,1767.8543820704524,1741.8669226540167
1154,1766.0874113210045,1740.1259263745858
1155,1764.3222066591145,1738.3866702212254
1156,1762.5587663195788,1736.649152454681
1157,1760.797088538956,1734.913371337433
1158,1759.0371715555686,1733.1793251337017
1159,1757.2790136094989,1731.4470121094391
1160,1755.5226129425898,1729.7164305323338
1161,1753.7679677984395,1727.9875786718023
1162,1752.0150764224036,1726.2604547989943
1163,1750.2639370615898,1724.5350571867843
1164,1748.514547964859,1722.8113841097756
1165,1746.7669073828217,1721.0894338442943
1166,1745.0210135678378,1719.3692046683905
1167,1743.2768647740122,1717.6506948618342
1168,1741.5344592571973,1715.9339027061164
1169,1739.7937952749867,1714.2188264844442
1170,1738.0548710867163,1712.5054644817415
1171,1736.3176849534614,1710.7938149846455
1172,1734.5822351380366,1709.0838762815074
1173,1732.8485199049912,1707.3756466623877
1174,1731.1165375206106,1705.6691244190574
1175,1729.3862862529113,1703.9643078449935
1176,1727.6577643716425,1702.2611952353793
1177,1725.9309701482819,1700.559784887102
1178,1724.2059018560353,1698.8600750987516
1179,1722.4825577698346,1697.162064170618
1180,1720.7609361663351,1695.46575040469
1181,1719.0410353239147,1693.7711321046531
1182,1717.3228535226735,1692.0782075758902
1183,1715.6063890444286,1690.3869751254754
1184,1713.8916401727158,1688.6974330621767
1185,1712.1786051927859,1687.0095796964517
1186,1710.4672823916042,1685.3234133404476
1187,1708.7576700578468,1683.6389323079964
1188,1707.0497664819022,1681.9561349146181
1189,1705.3435699558663,1680.275019477515
1190,1703.639078773543,1678.5955843155718
1191,1701.9362912304396,1676.917827749352
1192,1700.2352056237696,1675.2417481011
1193,1698.535820252447,1673.5673436947359
1194,1696.8381334170863,1671.894612855855
1195,1695.14214342,1670.2235539117257
1196,1693.447848565199,1668.5541651912904
1197,1691.755247158387,1666.8864450251585
1198,1690.0643375069635,1665.220391745611
1199,1688.375117920018,1663.5560036865936
1200,1686.687586708332,1661.8932791837194
1201,1685.0017421843725,1660.232216574262
1202,1683.317582662296,1658.5728141971601
1203,1681.635106457942,1656.9150703930102
1204,1679.9543118888348,1655.258983504069
1205,1678.2751972741794,1653.604551874249
1206,1676.5977609348615,1651.951773849119
1207,1674.9220011934437,1650.3006477759
1208,1673.247916374167,1648.6511720034666
1209,1671.575504802946,1647.0033448823426
1210,1669.9047648073692,1645.3571647647009
1211,1668.2356947166966,1643.712630004361
1212,1666.5682928618573,1642.069738956788
1213,1664.9025575754497,1640.4284899790905
1214,1663.2384871917388,1638.7888814300202
1215,1661.5760800466535,1637.1509116699676
1216,1659.915334477787,1635.5145790609633
1217,1658.2562488243927,1633.879881966674
1218,1656.598821427386,1632.2468187524032
1219,1654.9430506293384,1630.615387785087
1220,1653.2889347744797,1628.9855874332948
1221,1651.636472208693,1627.3574160672251
1222,1649.9856612795165,1625.7308720587075
1223,1648.3365003361387,1624.1059537811973
1224,1646.6889877293988,1622.4826596097766
1225,1645.0431218117835,1620.8609879211501
1226,1643.3989009374277,1619.2409370936475
1227,1641.756323462109,1617.622505507216
1228,1640.1153877432514,1616.0056915434254
1229,1638.4760921399172,1614.3904935854603
1230,1636.8384350128129,1612.7769100181245
1231,1635.202414724279,1611.1649392278318
1232,1633.5680296382966,1609.5545796026136
1233,1631.9352781204798,1607.9458295321087
1234,1630.3041585380772,1606.3386874075675
1235,1628.6746692599686,1604.733151621847
1236,1627.0468086566657,1603.1292205694126
1237,1625.4205751003065,1601.5268926463318
1238,1623.795966964658,1599.9261662502774
1239,1622.1729826251117,1598.3270397805225
1240,1620.5516204586834,1596.7295116379407
1241,1618.9318788440105,1595.1335802250035
1242,1617.3137561613516,1593.5392439457796
1243,1615.6972507925834,1591.9465012059325
1244,1614.0823611212008,1590.3553504127192
1245,1612.4690855323133,1588.7657899749881
1246,1610.8574224126462,1587.1778183031802
1247,1609.2473701505355,1585.5914338093226
1248,1607.6389271359294,1584.0066349070312
1249,1606.032091760384,1582.4234200115063
1250,1604.4268624170645,1580.8417875395337
1251,1602.8232375007412,1579.2617359094802
1252,1601.2212154077886,1577.683263541294
1253,1599.6207945361853,1576.1063688565032
1254,1598.0219732855094,1574.5310502782122
1255,1596.4247500569402,1572.957306231103
1256,1594.8291232532538,1571.385135141431
1257,1593.2350912788238,1569.814535437025
1258,1591.6426525396178,1568.2455055472853
1259,1590.051805443197,1566.678043903182
1260,1588.4625483987143,1565.112148937253
1261,1586.874879816912,1563.5478190836034
1262,1585.288798110122,1561.985052777903
1263,1583.704301692262,1560.4238484573857
1264,1582.121388978836,1558.864204560847
1265,1580.5400583869307,1557.3061195286427
1266,1578.9603083352154,1555.7495918026875
1267,1577.3821372439402,1554.194619826454
1268,1575.8055435349333,1552.6412020449698
1269,1574.2305256316017,1551.0893369048172
1270,1572.6570819589267,1549.5390228541305
1271,1571.085210943465,1547.990258342596
1272,1569.5149110133448,1546.4430418214486
1273,1567.9461805982667,1544.8973717434721
1274,1566.3790181294994,1543.3532465629958
1275,1564.813422039881,1541.8106647358948
1276,1563.2493907638152,1540.269624719587
1277,1561.6869227372704,1538.7301249730324
1278,1560.1260163977784,1537.1921639567308
1279,1558.5666701844327,1535.6557401327216
1280,1557.008882537887,1534.12085196458
1281,1555.452651900354,1532.587497917419
1282,1553.897976715602,1531.0556764578826
1283,1552.3448554289569,1529.525386054151
1284,1550.7932864872957,1527.9966251759324
1285,1549.2432683390512,1526.469392294467
1286,1547.6947994342036,1524.9436858825206
1287,1546.1478782242843,1523.4195044143873
1288,1544.6025031623722,1521.8968463658853
1289,1543.058672703092,1520.3757102143566
1290,1541.5163853026131,1518.8560944386647
1291,1539.975639418648,1517.3379975191938
1292,1538.4364335104503,1515.8214179378467
1293,1536.898766038815,1514.3063541780443
1294,1535.3626354660732,1512.792804724722
1295,1533.8280402560952,1511.2807680643305
1296,1532.294978874285,1509.770242684833
1297,1530.7634497875817,1508.2612270757043
1298,1529.2334514644556,1506.753719727928
1299,1527.7049823749082,1505.247719133997
1300,1526.1780409904704,1503.7432237879104
1301,1524.652625784201,1502.2402321851732
1302,1523.1287352306845,1500.7387428227933
1303,1521.6063678060304,1499.2387541992816
1304,1520.0855219878704,1497.7402648146485
1305,1518.5661962553595,1496.2432731704057
1306,1517.0483890891708,1494.74777776956
1307,1515.5320989714983,1493.2537771166171
1308,1514.0173243860504,1491.7612697175755
1309,1512.5040638180537,1490.2702540799282
1310,1510.9923157542462,1488.7807287126586
1311,1509.482078682881,1487.2926921262424
1312,1507.9733510937199,1485.806142832642
1313,1506.4661314780358,1484.3210793453086
1314,1504.9604183286083,1482.8375001791776
1315,1503.4562101397248,1481.3554038506709
1316,1501.9535054071766,1479.8747888776911
1317,1500.4523026282595,1478.3956537796241
1318,1498.9526003017695,1476.9179970773334
1319,1497.454396928005,1475.4418172931632
1320,1495.957691008762,1473.9671129509331
1321,1494.4624810473351,1472.4938825759393
1322,1492.968765548513,1471.0221246949498
1323,1491.4765430185817,1469.5518378362085
1324,1489.9858119653172,1468.083020529427
1325,1488.496570897989,1466.6156713057885
1326,1487.0088183273556,1465.1497886979434
1327,1485.5225527656646,1463.6853712400093
1328,1484.03777272665,1462.2224174675682
1329,1482.5544767255321,1460.7609259176668
1330,1481.0726632790143,1459.3008951288127
1331,1479.5923309052832,1457.8423236409756
1332,1478.1134781240062,1456.3852099955832
1333,1476.6361034563308,1454.9295527355227
1334,1475.1602054248813,1453.4753504051355
1335,1473.6857825537609,1452.0226015502205
1336,1472.2128333685453,1450.5713047180275
1337,1470.741356396286,1449.1214584572604
1338,1469.2713501655055,1447.6730613180725
1339,1467.802813206198,1446.2261118520667
1340,1466.3357440498255,1444.780608612293
1341,1464.8701412293196,1443.3365501532485
1342,1463.4060032790767,1441.8939350308742
1343,1461.9433287349593,1440.4527618025554
1344,1460.4821161342925,1439.0130290271184
1345,1459.0223640158633,1437.57473526483
1346,1457.56407091992,1436.137879077397
1347,1456.1072353881689,1434.7024590279627
1348,1454.6518559637743,1433.2684736811068
1349,1453.1979311913574,1431.8359216028443
1350,1451.7454596169925,1430.4048013606227
1351,1450.2944397882081,1428.9751115233214
1352,1448.8448702539843,1427.5468506612506
1353,1447.3967495647519,1426.12001734615
1354,1445.9500762723892,1424.694610151185
1355,1444.5048489302237,1423.2706276509493
1356,1443.061066093027,1421.8480684214594
1357,1441.6187263170173,1420.4269310401571
1358,1440.1778281598536,1419.0072140859036
1359,1438.7383701806384,1417.588916138983
1360,1437.300350939913,1416.1720357810962
1361,1435.8637689996585,1414.7565715953635
1362,1434.428622923292,1413.3425221663197
1363,1432.994911275669,1411.9298860799165
1364,1431.5626326230758,1410.5186619235167
1365,1430.131785533235,1409.1088482858963
1366,1428.7023685752988,1407.7004437572418
1367,1427.2743803198505,1406.2934469291486
1368,1425.8478193389008,1404.887856394619
1369,1424.42268420589,1403.4836707480633
1370,1422.9989734956814,1402.0808885852948
1371,1421.5766857845654,1400.6795085035321
1372,1420.1558196502535,1399.2795291013947
1373,1418.7363736718798,1397.8809489789032
1374,1417.3183464299975,1396.4837667374766
1375,1415.9017365065802,1395.0879809799333
1376,1414.4865424850175,1393.6935903104877
1377,1413.0727629501148,1392.300593334748
1378,1411.6603964880928,1390.9089886597178
1379,1410.249441686585,1389.5187748937922
1380,1408.8398971346364,1388.1299506467572
1381,1407.4317614227025,1386.7425145297887
1382,1406.025033142647,1385.3564651554502
1383,1404.6197108877423,1383.9718011376924
1384,1403.2157932526652,1382.588521091851
1385,1401.8132788334983,1381.206623634646
1386,1400.4121662277273,1379.8261073841797
1387,1399.0124540342388,1378.4469709599355
1388,1397.614140853321,1377.0692129827771
1389,1396.2172252866606,1375.6928320749466
1390,1394.821705937342,1374.317826860063
1391,1393.4275814098453,1372.9441959631206
1392,1392.0348503100465,1371.5719380104888
1393,1390.6435112452136,1370.201051629909
1394,1389.2535628240082,1368.8315354504953
1395,1387.8650036564811,1367.4633881027307
1396,1386.4778323540736,1366.0966082184686
1397,1385.0920475296136,1364.7311944309283
1398,1383.707647797317,1363.3671453746963
1399,1382.324631772783,1362.004459685723
1400,1380.9429980729963,1360.6431360013232
1401,1379.5627453163227,1359.2831729601726
1402,1378.1838721225095,1357.9245692023085
1403,1376.8063771126829,1356.5673233691264
1404,1375.4302589093486,1355.2114341033812
1405,1374.0555161363875,1353.8569000491825
1406,1372.6821474190572,1352.503719851997
1407,1371.3101513839886,1351.151892158644
1408,1369.939526659186,1349.8014156172958
1409,1368.5702718740238,1348.4522888774757
1410,1367.2023856592477,1347.1045105900566
1411,1365.835866646971,1345.7580794072605
1412,1364.4707134706753,1344.4129939826562
1413,1363.1069247652063,1343.0692529711578
1414,1361.7444991667758,1341.7268550290241
1415,1360.3834353129578,1340.3857988138573
1416,1359.0237318426887,1339.046082984601
1417,1357.6653873962644,1337.7077062015392
1418,1356.308400615341,1336.3706671262955
1419,1354.9527701429308,1335.0349644218297
1420,1353.5984946234041,1333.70059675244
1421,1352.2455727024847,1332.367562783758
1422,1350.8940030272508,1331.0358611827503
1423,1349.543784246132,1329.7054906177138
1424,1348.1949150089106,1328.3764497582795
1425,1346.8473939667158,1327.048737275405
1426,1345.501219772028,1325.7223518413791
1427,1344.1563910786715,1324.397292129815
1428,1342.8129065418184,1323.0735568156535
1429,1341.4707648179835,1321.751144575159
1430,1340.1299645650256,1320.4300540859197
1431,1338.7905044421434,1319.1102840268438
1432,1337.4523831098777,1317.7918330781624
1433,1336.1155992301062,1316.4746999214235
1434,1334.7801514660455,1315.1588832394946
1435,1333.4460384822473,1313.8443817165582
1436,1332.113258944599,1312.5311940381134
1437,1330.7818115203204,1311.2193188909716
1438,1329.4516948779644,1309.9087549632584
1439,1328.1229076874138,1308.5995009444086
1440,1326.7954486198819,1307.2915555251695
1441,1325.469316347909,1305.9849173975947
1442,1324.144509545363,1304.679585255046
1443,1322.8210268874366,1303.375557792191
1444,1321.4988670506477,1302.0728337050032
1445,1320.1780287128356,1300.7714116907568
1446,1318.8585105531627,1299.4712904480311
1447,1317.5403112521099,1298.1724686767038
1448,1316.2234294914783,1296.8749450779535
1449,1314.9078639543857,1295.5787183542561
1450,1313.593613325267,1294.2837872093855
1451,1312.2806762898706,1292.9901503484095
1452,1310.9690515352602,1291.6978064776918
1453,1309.6587377498104,1290.4067543048882
1454,1308.3497336232076,1289.1169925389463
1455,1307.0420378464473,1287.8285198901044
1456,1305.735649111834,1286.54133506989
1457,1304.4305661129783,1285.2554367911175
1458,1303.126787544798,1283.9708237678894
1459,1301.8243121035132,1282.6874947155916
1460,1300.5231384866495,1281.4054483508958
1461,1299.2232653930323,1280.1246833917546
1462,1297.9246915227889,1278.8451985574038
1463,1296.6274155773451,1277.566992568358
1464,1295.3314362594251,1276.2900641464114
1465,1294.036752273049,1275.0144120146351
1466,1292.7433623235333,1273.7400348973774
1467,1291.4512651174875,1272.4669315202605
1468,1290.1604593628147,1271.1951006101813
1469,1288.8709437687085,1269.9245408953084
1470,1287.5827170456535,1268.6552511050822
1471,1286.2957779054227,1267.387229970213
1472,1285.0101250610774,1266.1204762226794
1473,1283.7257572269639,1264.8549885957275
1474,1282.4426731187148,1263.5907658238696
1475,1281.1608714532456,1262.327806642883
1476,1279.8803509487548,1261.066109789808
1477,1278.6011103247213,1259.8056740029479
1478,1277.323148301905,1258.546498021867
1479,1276.046463602343,1257.2885805873884
1480,1274.7710549493513,1256.0319204415957
1481,1273.4969210675206,1254.776516327828
1482,1272.2240606827172,1253.5223669906811
1483,1270.9524725220806,1252.269471176006
1484,1269.6821553140223,1251.0178276309061
1485,1268.413107788225,1249.767435103738
1486,1267.1453286756416,1248.5182923441096
1487,1265.878816708492,1247.2703981028772
1488,1264.613570620265,1246.023751132147
1489,1263.3495891457135,1244.7783501852714
1490,1262.0868710208567,1243.53419401685
1491,1260.825414982976,1242.2912813827263
1492,1259.5652197706158,1241.0496110399877
1493,1258.3062841235799,1239.809181746963
1494,1257.0486067829331,1238.5699922632239
1495,1255.7921864909977,1237.3320413495799
1496,1254.5370219913539,1236.095327768081
1497,1253.283112028836,1234.859850282012
1498,1252.030455349535,1233.6256076558968
1499,1250.7790507007935,1232.3925986554918
1500,1249.528896831207,1231.1608220477883
1501,1248.2799924906217,1229.9302766010094
1502,1247.0323364301325,1228.7009610846096
1503,1245.7859274020839,1227.4728742692732
1504,1244.5407641600664,1226.2460149269134
1505,1243.2968454589168,1225.0203818306707
1506,1242.0541700547162,1223.7959737549118
1507,1240.8127367047894,1222.572789475229
1508,1239.5725441677023,1221.350827768437
1509,1238.333591203263,1220.130087412575
1510,1237.095876572518,1218.9105671869017
1511,1235.8593990377528,1217.692265871898
1512,1234.6241573624893,1216.4751822492606
1513,1233.3901503114864,1215.2593151019075
1514,1232.157376650736,1214.0446632139701
1515,1230.9258351474657,1212.831225370798
1516,1229.6955245701326,1211.6190003589516
1517,1228.466443688427,1210.407986966207
1518,1227.2385912732668,1209.1981839815498
1519,1226.0119660968007,1207.9895901951777
1520,1224.7865669324026,1206.782204398496
1521,1223.5623925546738,1205.5760253841202
1522,1222.3394417394393,1204.3710519458696
1523,1221.1177132637483,1203.1672828787712
1524,1219.8972059058724,1201.964716979056
1525,1218.6779184453042,1200.763353044158
1526,1217.459849662756,1199.5631898727133
1527,1216.242998340159,1198.3642262645585
1528,1215.027363260661,1197.1664610207292
1529,1213.8129432086282,1195.9698929434612
1530,1212.5997369696395,1194.7745208361857
1531,1211.387743330489,1193.5803435035307
1532,1210.1769610791825,1192.3873597513184
1533,1208.9673890049382,1191.1955683865656
1534,1207.7590258981836,1190.0049682174802
1535,1206.5518705505556,1188.8155580534624
1536,1205.3459217548984,1187.6273367051015
1537,1204.1411783052638,1186.4403029841765
1538,1202.9376389969075,1185.2544557036529
1539,1201.7353026262908,1184.0697936776844
1540,1200.5341679910764,1182.8863157216076
1541,1199.3342338901307,1181.7040206519457
1542,1198.1354991235182,1180.5229072864024
1543,1196.937962492505,1179.3429744438652
1544,1195.7416227995536,1178.1642209444
1545,1194.5464788483253,1176.9866456092548
1546,1193.352529443675,1175.810247260853
1547,1192.1597733916537,1174.6350247227963
1548,1190.968209499505,1173.4609768198623
1549,1189.7778365756653,1172.288102378003
1550,1188.588653429761,1171.1164002243436
1551,1187.4006588726095,1169.945869187182
1552,1186.2138517162157,1168.7765080959873
1553,1185.0282307737725,1167.608315781398
1554,1183.8437948596586,1166.4412910752217
1555,1182.6605427894385,1165.2754328104338
1556,1181.4784733798595,1164.1107398211755
1557,1180.2975854488527,1162.9472109427545
1558,1179.1178778155295,1161.7848450116412
1559,1177.9393493001821,1160.6236408654695
1560,1176.7619987242824,1159.4635973430354
1561,1175.5858249104797,1158.3047132842955
1562,1174.4108266825995,1157.146987530365
1563,1173.2370028656442,1155.9904189235192
1564,1172.0643522857893,1154.835006307188
1565,1170.8928737703843,1153.6807485259596
1566,1169.7225661479508,1152.527644425576
1567,1168.553428248181,1151.3756928529326
1568,1167.3854589019365,1150.224892656078
1569,1166.2186569412486,1149.075242684212
1570,1165.0530211993146,1147.9267417876847
1571,1163.888550510499,1146.7793888179947
1572,1162.7252437103307,1145.6331826277888
1573,1161.5630996355032,1144.4881220708612
1574,1160.402117123872,1143.344206002151
1575,1159.2422950144548,1142.2014332777424
1576,1158.083632147429,1141.0598027548617
1577,1156.9261273641318,1139.919313291879
1578,1155.7697795070585,1138.7799637483047
1579,1154.6145874198612,1137.6417529847893
1580,1153.4605499473473,1136.5046798631213
1581,1152.3076659354797,1135.3687432462282
1582,1151.1559342313737,1134.2339419981724
1583,1150.0053536832984,1133.1002749841539
1584,1148.855923140672,1131.9677410705042
1585,1147.707641454065,1130.83633912469
1586,1146.5605074751948,1129.7060680153093
1587,1145.4145200569276,1128.5769266120908
1588,1144.269678053276,1127.4489137858927
1589,1143.125980319398,1126.3220284087029
1590,1141.9834257115951,1125.1962693536345
1591,1140.8420130873137,1124.0716354949302
1592,1139.7017413051399,1122.9481257079542
1593,1138.5626092248026,1121.825738869198
1594,1137.4246157071693,1120.7044738562738
1595,1136.2877596142469,1119.5843295479174
1596,1135.1520398091782,1118.4653048239832
1597,1134.0174551562443,1117.3473985654475
1598,1132.88400452086,1116.2306096544032
1599,1131.7516867695747,1115.114936974062
1600,1130.62050077007,1114.00037940875
1601,1129.490445391161,1112.886935843911
1602,1128.361519502791,1111.7746051661
1603,1127.233721976035,1110.6633862629872
1604,1126.1070516830944,1109.5532780233527
1605,1124.9815074972996,1108.4442793370893
1606,1123.857088293106,1107.3363890951973
1607,1122.7337929460944,1106.2296061897866
1608,1121.611620332969,1105.1239295140745
1609,1120.490569331558,1104.019357962384
1610,1119.370638820809,1102.915890430143
1611,1118.2518276807928,1101.813525813885
1612,1117.1341347926968,1100.7122630112442
1613,1116.0175590388292,1099.6121009209583
1614,1114.9020993026134,1098.5130384428649
1615,1113.7877544685898,1097.4150744779015
1616,1112.6745234224136,1096.3182079281041
1617,1111.5624050508536,1095.222437696606
1618,1110.4513982417911,1094.1277626876367
1619,1109.3415018842195,1093.0341818065215
1620,1108.232714868242,1091.9416939596788
1621,1107.125036085072,1090.8502980546214
1622,1106.0184644270303,1089.7599929999528
1623,1104.9129987875453,1088.6707777053684
1624,1103.8086380611508,1087.5826510816519
1625,1102.7053811434866,1086.4956120406773
1626,1101.6032269312955,1085.4096594954053
1627,1100.502174322423,1084.3247923598833
1628,1099.4022222158167,1083.2410095492442
1629,1098.303369511524,1082.1583099797044
1630,1097.2056151106924,1081.0766925685652
1631,1096.1089579155673,1079.9961562342085
1632,1095.0133968294915,1078.916699896098
1633,1093.9189307569038,1077.8383224747772
1634,1092.825558603338,1076.761022891869
1635,1091.733279275422,1075.6848000700734
1636,1090.642091680876,1074.6096529331671
1637,1089.5519947285127,1073.5355804060034
1638,1088.4629873282352,1072.46258141451
1639,1087.3750683910353,1071.390654885687
1640,1086.2882368289947,1070.3197997476084
1641,1085.202491555281,1069.2500149294185
1642,1084.11783148415,1068.181299361333
1643,1083.0342555309403,1067.1136519746353
1644,1081.9517626120767,1066.047071701679
1645,1080.8703516450657,1064.9815574758832
1646,1079.7900215484963,1063.9171082317334
1647,1078.7107712420386,1062.8537229047806
1648,1077.632599646442,1061.7914004316392
1649,1076.5555056835349,1060.7301397499868
1650,1075.479488276223,1059.6699397985626
1651,1074.4045463484892,1058.6107995171665
1652,1073.3306788253913,1057.552717846658
1653,1072.2578846330614,1056.4956937289553
1654,1071.1861626987059,1055.4397261070349
1655,1070.115511950602,1054.384813924928
1656,1069.0459313180995,1053.3309561277233
1657,1067.9774197316171,1052.2781516615623
1658,1066.9099761226437,1051.2263994736409
1659,1065.8435994237352,1050.1756985122063
1660,1064.778288568515,1049.126047726558
1661,1063.714042491672,1048.0774460670443
1662,1062.6508601289604,1047.0298924850647
1663,1061.5887404171972,1045.9833859330643
1664,1060.527682294263,1044.9379253645373
1665,1059.4676846990994,1043.8935097340227
1666,1058.408746571709,1042.8501379971046
1667,1057.350866853153,1041.8078091104117
1668,1056.2940444855524,1040.7665220316146
1669,1055.238278412084,1039.7262757194262
1670,1054.183567576982,1038.6870691336005
1671,1053.1299109255353,1037.64890123493
1672,1052.0773074040876,1036.6117709852474
1673,1051.0257559600348,1035.5756773474222
1674,1049.9752555418256,1034.5406192853607
1675,1048.9258050989592,1033.5065957640045
1676,1047.8774035819858,1032.4736057493305
1677,1046.8300499425027,1031.441648208348
1678,1045.7837431331573,1030.4107221090999
1679,1044.7384821076419,1029.3808264206596
1680,1043.6942658206958,1028.3519601131316
1681,1042.6510932281024,1027.3241221576493
1682,1041.6089632866892,1026.2973115263749
1683,1040.567874954326,1025.2715271924974
1684,1039.5278271899247,1024.2467681302328
1685,1038.488818953437,1023.2230333148214
1686,1037.4508492058549,1022.2003217225288
1687,1036.4139169092082,1021.1786323306428
1688,1035.3780210265652,1020.1579641174746
1689,1034.3431605220292,1019.1383160623553
1690,1033.30933436074,1018.119687145637
1691,1032.276541508871,1017.1020763486906
1692,1031.24478093363,1016.0854826539055
1693,1030.2140516032555,1015.0699050446876
1694,1029.1843524870187,1014.0553425054595
1695,1028.15568255522,1013.0417940216582
1696,1027.1280407791899,1012.0292585797357
1697,1026.1014261312857,1011.0177351671558
1698,1025.0758375848934,1010.0072227723954
1699,1024.051274114424,1008.9977203849418
1700,1023.0277346953142,1007.989226995293
1701,1022.0052183040241,1006.9817415949549
1702,1020.9837239180376,1005.9752631764425
1703,1019.96325051586,1004.9697907332768
1704,1018.9437970770182,1003.965323259986
1705,1017.925362582058,1002.9618597521018
1706,1016.9079460125455,1001.959399206161
1707,1015.8915463510635,1000.9579406197029
1708,1014.876162581213,999.9574829912691
1709,1013.8617936876092,998.9580253204012
1710,1012.8484386558838,997.9595666076423
1711,1011.8360964726811,996.9621058545326
1712,1010.8247661256597,995.9656420636124
1713,1009.8144466034882,994.9701742384169
1714,1008.8051368958478,993.9757013834787
1715,1007.7968359934282,992.9822225043248
1716,1006.7895428879286,991.9897366074761
1717,1005.7832565720557,990.9982427004464
1718,1004.7779760395235,990.0077397917424
1719,1003.7737002850507,989.0182268908604
1720,1002.7704283043621,988.0297030082879
1721,1001.7681590941851,987.0421671555005
1722,1000.7668916522509,986.0556183449628
1723,999.7666249772916,985.0700555901253
1724,998.7673580690408,984.0854779054259
1725,997.7690899282311,983.101884306286
1726,996.7718195565947,982.1192738091127
1727,995.7755459568606,981.1376454312947
1728,994.7802681327557,980.1569981912041
1729,993.7859850890018,979.1773311081934
1730,992.7926958313158,978.1986432025953
1731,991.8003993664082,977.220933495722
1732,990.8090947019828,976.2442010098636
1733,989.8187808467344,975.2684447682874
1734,988.8294568103497,974.2936637952375
1735,987.8411216035039,973.3198571159323
1736,986.8537742378622,972.3470237565656
1737,985.867413726077,971.3751627443036
1738,984.8820390817878,970.4042731072855
1739,983.8976493196193,969.4343538746208
1740,982.9142434551825,968.4654040763912
1741,981.9318205050707,967.4974227436461
1742,980.9503794868617,966.5304089084048
1743,979.9699194191137,965.5643616036526
1744,978.9904393213668,964.5992798633426
1745,978.0119382141407,963.6351627223928
1746,977.0344151189346,962.6720092166862
1747,976.0578690582248,961.7098183830689
1748,975.0822990554655,960.7485892593501
1749,974.1077041350862,959.7883208843004
1750,973.1340833224928,958.8290122976521
1751,972.1614356440634,957.8706625400956
1752,971.1897601271507,956.9132706532816
1753,970.2190558000792,955.956835679818
1754,969.2493216921442,955.0013566632697
1755,968.2805568336117,954.0468326481576
1756,967.3127602557169,953.0932626799578
1757,966.3459309906627,952.1406458050999
1758,965.3800680716201,951.1889810709673
1759,964.4151705327262,950.238267525895
1760,963.451237409083,949.2885042191695
1761,962.4882677367576,948.3396902010272
1762,961.5262605527801,947.3918245226541
1763,960.5652148951433,946.4449062361847
1764,959.6051298028012,945.4989343947
1765,958.6460043156693,944.553908052229
1766,957.6878374746212,943.6098262637443
1767,956.7306283214907,942.6666880851648
1768,955.7743758990681,941.7244925733518
1769,954.8190792511011,940.7832387861099
1770,953.8647374222928,939.842925782185
1771,952.9113494583016,938.9035526212646
1772,951.958914405739,937.9651183639746
1773,951.0074313121705,937.0276220718815
1774,950.0568992261123,936.0910628074884
1775,949.1073171970327,935.1554396342362
1776,948.1586842753491,934.2207516165014
1777,947.210999512429,933.2869978195962
1778,946.2642619605872,932.3541773097666
1779,945.3184706730864,931.422289154192
1780,944.3736247041347,930.4913324209839
1781,943.4297231088868,929.5613061791862
1782,942.4867649434406,928.6322094987719
1783,941.5447492648378,927.7040414506447
1784,940.6036751310626,926.776801106636
1785,939.6635416010411,925.8504875395057
1786,938.7243477346392,924.92509982294
1787,937.7860925926635,924.0006370315514
1788,936.8487752368585,923.0770982408767
1789,935.912394729907,922.1544825273772
1790,934.9769501354278,921.232788968437
1791,934.0424405179771,920.3120166423628
1792,933.1088649430444,919.3921646283816
1793,932.1762224770547,918.473232006642
1794,931.2445121873649,917.5552178582105
1795,930.3137331422652,916.6381212650738
1796,929.3838844109757,915.7219413101343
1797,928.4549650636485,914.8066770772128
1798,927.5269741713636,913.8923276510445
1799,926.5999108061301,912.9788921172799
1800,925.6737740408846,912.0663695624836
1801,924.7485629494904,911.1547590741328
1802,923.8242766067361,910.2440597406171
1803,922.9009140883355,909.3342706512369
1804,921.9784744709258,908.4253908962031
1805,921.0569568320674,907.5174195666359
1806,920.1363602502425,906.6103557545639
1807,919.2166838048548,905.7041985529235
1808,918.2979265762273,904.7989470555567
1809,917.380087645603,903.8946003572125
1810,916.4631660951427,902.9911575535441
1811,915.5471610079251,902.0886177411086
1812,914.6320714679445,901.1869800173656
1813,913.7178965601117,900.2862434806781
1814,912.8046353702515,899.3864072303088
1815,911.8922869851029,898.4874703664219
1816,910.9808504923172,897.5894319900801
1817,910.0703249804582,896.6922912032454
1818,909.1607095389995,895.7960471087762
1819,908.2520032583266,894.9006988104292
1820,907.3442052297322,894.0062454128552
1821,906.437314545419,893.1126860216012
1822,905.5313302984956,892.2200197431077
1823,904.6262515829782,891.3282456847083
1824,903.7220774937877,890.437362954629
1825,902.8188071267499,889.5473706619866
1826,901.9164395785945,888.6582679167891
1827,901.0149739469539,887.7700538299337
1828,900.1144093303622,886.8827275132057
1829,899.214744828255,885.9962880792796
1830,898.3159795409673,885.110734641715
1831,897.4181125697344,884.2260663149592
1832,896.5211430166885,883.3422822143431
1833,895.6250699848606,882.4593814560831
1834,894.7298925781771,881.5773631572779
1835,893.835609901461,880.6962264359095
1836,892.9422210604289,879.8159704108406
1837,892.0497251616927,878.9365942018158
1838,891.1581213127556,878.0580969294581
1839,890.2674086220145,877.1804777152709
1840,889.3775861987558,876.3037356816341
1841,888.4886531531578,875.4278699518063
1842,887.6006085962865,874.552879649921
1843,886.7134516400982,873.6787639009888
1844,885.8271813974353,872.805521830893
1845,884.9417969820277,871.9331525663918
1846,884.0572975084905,871.0616552351156
1847,883.173682092325,870.1910289655677
1848,882.2909498499147,869.3212728871209
1849,881.409099898528,868.4523861300196
1850,880.5281313563146,867.5843678253767
1851,879.648043342306,866.7172171051741
1852,878.7688349764139,865.8509331022606
1853,877.8905053794302,864.9855149503526
1854,877.0130536730248,864.1209617840314
1855,876.1364789797466,863.2572727387443
1856,875.2607804230199,862.3944469508015
1857,874.3859571271469,861.5324835573778
1858,873.5120082173036,860.6713816965091
1859,872.6389328195415,859.8111405070943
1860,871.7667300607849,858.9517591288914
1861,870.8953990688311,858.0932367025192
1862,870.0249389723487,857.2355723694551
1863,869.155348900878,856.3787652720351
1864,868.2866279848284,855.5228145534514
1865,867.4187753554794,854.6677193577538
1866,866.551790144978,853.8134788298468
1867,865.6856714863388,852.9600921154896
1868,864.8204185134434,852.1075583612958
1869,863.9560303610384,851.2558767147311
1870,863.0925061647358,850.4050463241142
1871,862.2298450610115,849.5550663386146
1872,861.3680461872038,848.705935908252
1873,860.5071086815145,847.8576541838962
1874,859.6470316830051,847.010220317265
1875,858.7878143315994,846.1636334609249
1876,857.9294557680795,845.3178927682886
1877,857.0719551340867,844.4729973936156
1878,856.2153115721206,843.6289464920104
1879,855.3595242255374,842.7857392194219
1880,854.5045922385498,841.9433747326431
1881,853.6505147562254,841.1018521893089
1882,852.7972909244871,840.2611707478972
1883,851.9449198901107,839.421329567726
1884,851.0934008007252,838.5823278089546
1885,850.2427328048113,837.7441646325806
1886,849.3929150517014,836.9068392004414
1887,848.5439466915769,836.0703506752108
1888,847.6958268754703,835.2346982204008
1889,846.8485547552607,834.3998810003583
1890,846.0021294836769,833.5658981802668
1891,845.1565502142927,832.7327489261426
1892,844.3118161015294,831.9004324048369
1893,843.4679263006524,831.0689477840327
1894,842.6248799677721,830.2382942322458
1895,841.7826762598419,829.4084709188222
1896,840.9413143346582,828.5794770139387
1897,840.1007933508588,827.7513116886012
1898,839.2611124679228,826.9239741146442
1899,838.4222708461691,826.0974634647304
1900,837.5842676467563,825.271778912349
1901,836.7471020316809,824.4469196318151
1902,835.9107731637772,823.6228847982696
1903,835.0752802067163,822.7996735876776
1904,834.2406223250055,821.9772851768279
1905,833.406798683986,821.1557187433314
1906,832.5738084498353,820.3349734656226
1907,831.7416507895618,819.5150485229552
1908,830.9103248710088,818.6959430954049
1909,830.0798298628497,817.8776563638658
1910,829.2501649345899,817.0601875100514
1911,828.4213292565638,816.2435357164923
1912,827.5933219999362,815.4277001665371
1913,826.7661423366994,814.6126800443499
1914,825.9397894396741,813.7984745349108
1915,825.1142624825068,812.9850828240138
1916,824.289560639671,812.1725040982677
1917,823.4656830864643,811.3607375450932
1918,822.6426289990095,810.549782352724
1919,821.820397554252,809.7396377102045
1920,820.9989879299609,808.9303028073904
1921,820.1783993047259,808.1217768349463
1922,819.3586308579586,807.3140589843465
1923,818.5396817698903,806.5071484478729
1924,817.7215512215721,805.701044418615
1925,816.9042383948732,804.8957460904686
1926,816.087742472481,804.0912526581354
1927,815.272062637899,803.2875633171219
1928,814.4571980754479,802.4846772637387
1929,813.6431479702625,801.6825936950996
1930,812.8299115082929,800.8813118091209
1931,812.0174878763024,800.0808308045207
1932,811.2058762618678,799.2811498808184
1933,810.3950758533769,798.4822682383322
1934,809.5850858400294,797.6841850781809
1935,808.7759054118351,796.8868996022811
1936,807.9675337596137,796.0904110133474
1937,807.1599700749933,795.2947185148909
1938,806.3532135504105,794.4998213112194
1939,805.5472633791081,793.7057186074352
1940,804.7421187551364,792.9124096094358
1941,803.9377788733503,792.1198935239121
1942,803.1342429294103,791.328169558348
1943,802.3315101197801,790.5372369210193
1944,801.529579641727,789.7470948209935
1945,800.7284506933202,788.9577424681283
1946,799.9281224734309,788.1691790730714
1947,799.1285941817305,787.381403847259
1948,798.3298650186912,786.5944160029164
1949,797.5319341855832,785.808214753055
1950,796.7348008844762,785.0227993114743
1951,795.9384643182359,784.2381688927578
1952,795.1429236905268,783.454322712276
1953,794.3481782058072,782.6712599861819
1954,793.5542270693323,781.8889799314131
1955,792.7610694871505,781.1074817656894
1956,791.9687046661044,780.3267647075126
1957,791.1771318138287,779.5468279761654
1958,790.386350138751,778.7676707917113
1959,789.5963588500891,777.9892923749928
1960,788.807157157852,777.2116919476315
1961,788.0187442728377,776.434868732027
1962,787.2311194066334,775.6588219513559
1963,786.444281771614,774.8835508295713
1964,785.658230580942,774.1090545914021
1965,784.872965048566,773.3353324623521
1966,784.0884843892206,772.5623836686991
1967,783.3047878184248,771.7902074374939
1968,782.5218745524821,771.0188029965606
1969,781.7397438084791,770.2481695744945
1970,780.9583948042853,769.4783064006622
1971,780.1778267585511,768.7092127052003
1972,779.3980388907089,767.9408877190154
1973,778.6190304209703,767.173330673782
1974,777.8408005703272,766.4065408019434
1975,777.0633485605493,765.6405173367092
1976,776.286673614185,764.8752595120565
1977,775.5107749545588,764.1107665627267
1978,774.7356518057722,763.3470377242273
1979,773.961303392702,762.5840722328293
1980,773.1877289409998,761.821869325567
1981,772.4149276770908,761.0604282402375
1982,771.642898828174,760.2997482153999
1983,770.8716416222201,759.5398284903735
1984,770.1011552879722,758.780668305239
1985,769.3314390549438,758.022266900836
1986,768.5624921534186,757.2646235187633
1987,767.7943138144493,756.5077374013769
1988,767.0269032698582,755.7516077917912
1989,766.260259752234,754.9962339338762
1990,765.4943824949336,754.241615072258
1991,764.7292707320793,753.4877504523176
1992,763.9649236985598,752.7346393201909
1993,763.2013406300272,751.9822809227658
1994,762.4385207628992,751.2306745076845
1995,761.6764633343553,750.4798193233402
1996,760.9151675823383,749.7297146188779
