ell,camb_ee,grhe_ee
2,199.73351103212508,197.0570819842946
3,199.60039973346662,196.92575437703817
4,199.46737714610018,196.79451429234243
5,199.33444321090465,196.66336167187853
6,199.2015978687983,196.5322964573564
7,199.0688410607387,196.4013185905248
8,198.93617272772286,196.27042801317137
9,198.80359281078705,196.13962466712252
10,198.6711012510069,196.0089084942434
11,198.53869798949722,195.87827943643796
12,198.40638296741213,195.74773743564882
13,198.27415612594496,195.6172824338573
14,198.14201740632825,195.48691437308347
15,198.0099667498336,195.35663319538585
16,197.8780040977719,195.22643884286177
17,197.74612939149307,195.09633125764708
18,197.6143425723861,194.96631038191614
19,197.4826435818791,194.83637615788192
20,197.35103236143914,194.70652852779585
21,197.21950885257237,194.5767674339479
22,197.0880729968239,194.44709281866648
23,196.95672473577778,194.31750462431836
24,196.82546401105702,194.18800279330887
25,196.6942907643235,194.0585872680816
26,196.563204937278,193.92925799111848
27,196.43220647166015,193.8000149049399
28,196.30129530924842,193.67085795210448
29,196.17047139186005,193.54178707520913
30,196.03973466135105,193.41280221688896
31,195.90908505961627,193.28390331981743
32,195.77852252858918,193.1550903267061
33,195.648047010242,193.02636318030477
34,195.51765844658559,192.89772182340135
35,195.38735677966952,192.76916619882195
36,195.25714195158187,192.64069624943068
37,195.12701390444943,192.51231191812983
38,194.99697258043747,192.3840131478596
39,194.86701792174986,192.25579988159842
40,194.737149870629,192.12767206236256
41,194.60736836935573,191.99962963320635
42,194.47767336024938,191.87167253722205
43,194.34806478566773,191.74380071753978
44,194.21854258800695,191.61601411732767
45,194.08910670970164,191.48831267979165
46,193.95975709322474,191.36069634817554
47,193.8304936810875,191.23316506576091
48,193.70131641583953,191.10571877586727
49,193.5722252400687,190.97835742185177
50,193.44322009640118,190.8510809471094
51,193.31430092750134,190.72388929507284
52,193.18546767607174,190.59678240921238
53,193.05672028485318,190.46976023303617
54,192.92805869662462,190.34282271008985
55,192.79948285420306,190.21596978395675
56,192.67099270044375,190.0892013982578
57,192.5425881782399,189.9625174966515
58,192.41426923052288,189.83591802283388
59,192.286035800262,189.7094029205385
60,192.15788783046463,189.5829721335364
61,192.02982526417617,189.45662560563622
62,191.90184804447983,189.3303632806838
63,191.7739561144969,189.20418510256266
64,191.64614941738654,189.07809101519356
65,191.5184278963457,188.9520809625347
66,191.39079149460935,188.82615488858158
67,191.26324015545012,188.70031273736708
68,191.13577382217855,188.57455445296137
69,191.00839243814295,188.44887997947183
70,190.88109594672932,188.32328926104316
71,190.75388429136152,188.19778224185728
72,190.62675741550095,188.07235886613324
73,190.49971526264684,187.9470190781274
74,190.372757776336,187.82176282213308
75,190.2458849001428,187.6965900424809
76,190.1190965776794,187.5715006835385
77,189.99239275259535,187.4464946897106
78,189.86577336857792,187.32157200543898
79,189.73923836935177,187.19673257520245
80,189.6127876986791,187.0719763435168
81,189.48642130035967,186.94730325493487
82,189.36013911823056,186.82271325404628
83,189.23394109616646,186.69820628547782
84,189.10782717807925,186.573782293893
85,188.98179730791836,186.44944122399227
86,188.8558514296705,186.32518302051292
87,188.72998948735972,186.2010076282291
88,188.60421142504734,186.07691499195172
89,188.47851718683205,185.9529050565285
90,188.35290671684973,185.82897776684396
91,188.2273799592735,185.70513306781925
92,188.10193685831368,185.58137090441227
93,187.97657735821778,185.45769122161767
94,187.85130140327047,185.33409396446666
95,187.72610893779353,185.2105790780271
96,187.6009999061459,185.08714650740353
97,187.47597425272352,184.96379619773703
98,187.35103192195945,184.84052809420518
99,187.22617285832376,184.71734214202223
100,187.10139700632357,184.59423828643884
101,186.97670431050287,184.47121647274213
102,186.85209471544272,184.34827664625578
103,186.72756816576106,184.22541875233986
104,186.6031246061128,184.1026427363909
105,186.47876398118964,183.97994854384172
106,186.35448623572023,183.8573361201616
107,186.23029131446998,183.7348054108561
108,186.10617916224115,183.61235636146714
109,185.9821497238728,183.4899889175729
110,185.8582029442407,183.3677030247879
111,185.73433876825746,183.24549862876282
112,185.61055714087223,183.12337567518455
113,185.48685800707102,183.00133410977628
114,185.36324131187644,182.8793738782973
115,185.23970700034772,182.75749492654307
116,185.1162550175807,182.63569720034513
117,184.99288530870786,182.51398064557117
118,184.8695978188982,182.39234520812496
119,184.74639249335726,182.27079083394628
120,184.62326927732715,182.14931746901098
121,184.50022811608645,182.0279250593309
122,184.37726895495013,181.9066135509538
123,184.25439173926975,181.78538288996353
124,184.13159641443312,181.66423302247972
125,184.00888292586467,181.54316389465808
126,183.88625121902493,181.42217545269
127,183.763701239411,181.3012676428029
128,183.64123293255622,181.18044041125998
129,183.51884624403021,181.05969370436023
130,183.39654111943887,180.93902746843838
131,183.27431750442437,180.8184416498651
132,183.15217534466512,180.69793619504662
133,183.0301145858757,180.577511050425
134,182.9081351738069,180.4571661624779
135,182.78623705424565,180.33690147771875
136,182.66442017301497,180.2167169426966
137,182.54268447597403,180.09661250399597
138,182.42102990901807,179.97658810823725
139,182.29945641807842,179.85664370207618
140,182.17796394912241,179.73677923220419
141,182.0565524481534,179.61699464534817
142,181.93522186121066,179.49728988827044
143,181.81397213436955,179.377664907769
144,181.69280321374123,179.25811965067712
145,181.57171504547293,179.13865406386358
146,181.4507075757476,179.0192680942326
147,181.32978075078418,178.8999616887237
148,181.20893451683745,178.78073479431183
149,181.0881688201979,178.66158735800724
150,180.9674836071919,178.54251932685554
151,180.84687882418163,178.4235306479376
152,180.72635441756492,178.30462126836954
153,180.60591033377534,178.18579113530276
154,180.48554651928225,178.06704019592388
155,180.3652629205906,177.9483683974547
156,180.24505948424095,177.82977568715214
157,180.1249361568096,177.71126201230837
158,180.00489288490843,177.59282732025065
159,179.8849296151848,177.47447155834132
160,179.76504629432176,177.35619467397785
161,179.64524286903782,177.2379966145927
162,179.525519286087,177.11987732765343
163,179.40587549225876,177.00183676066248
164,179.28631143437818,176.88387486115752
165,179.16682705930563,176.76599157671095
166,179.04742231393698,176.64818685493023
167,178.92809714520337,176.53046064345764
168,178.80885150007146,176.4128128899705
169,178.68968532554314,176.29524354218086
170,178.5705985686557,176.17775254783572
171,178.45159117648166,176.0603398547168
172,178.33266309612887,175.94300541064075
173,178.2138142747404,175.82574916345888
174,178.09504465949453,175.7085710610573
175,177.97635419760476,175.59147105135688
176,177.8577428363198,175.47444908231313
177,177.73921052292349,175.3575051019163
178,177.62075720473473,175.24063905819128
179,177.50238282910772,175.1238508991977
180,177.3840873434315,175.00714057302952
181,177.2658706951304,174.89050802781566
182,177.14773283166357,174.7739532117193
183,177.02967370052542,174.65747607293838
184,176.91169324924513,174.54107655970526
185,176.793791425387,174.42475462028682
186,176.67596817655019,174.30851020298442
187,176.55822345036879,174.19234325613385
188,176.44055719451183,174.07625372810537
189,176.32296935668322,173.96024156730365
190,176.20545988462163,173.84430672216772
191,176.0880287261007,173.72844914117096
192,175.97067582892876,173.6126687728211
193,175.853401140949,173.49696556566028
194,175.73620461003927,173.38133946826474
195,175.61908618411226,173.26579042924516
196,175.50204581111535,173.15031839724642
197,175.38508343903058,173.03492332094757
198,175.26819901587464,172.91960514906194
199,175.15139248969896,172.804363830337
200,175.0346638085895,172.6891993135544
201,174.9180129206668,172.57411154752987
202,174.80143977408608,172.45910048111332
203,174.68494431703704,172.34416606318874
204,174.56852649774385,172.22930824267408
205,174.45218626446538,172.11452696852155
206,174.3359235654947,171.9998221897171
207,174.21973834915968,171.88519385528096
208,174.1036305638223,171.7706419142671
209,173.98760015787914,171.65616631576356
210,173.87164707976117,171.54176700889238
211,173.75577127793363,171.42744394280933
212,173.63997270089618,171.3131970667042
213,173.52425129718281,171.19902632980057
214,173.40860701536172,171.08493168135587
215,173.29303980403554,170.97091307066148
216,173.177549611841,170.85697044704233
217,173.06213638744913,170.74310375985732
218,172.94680007956518,170.629312958499
219,172.83154063692857,170.51559799239374
220,172.71635800831282,170.40195881100144
221,172.60125214252574,170.2883953638159
222,172.4862229884091,170.17490760036443
223,172.37127049483885,170.06149547020803
224,172.25639461072498,169.94815892294127
225,172.14159528501156,169.8348979081924
226,172.02687246667665,169.72171237562318
227,171.91222610473235,169.60860227492896
228,171.7976561482247,169.49556755583848
229,171.6831625462337,169.38260816811416
230,171.56874524787335,169.26972406155184
231,171.4544042022915,169.1569151859808
232,171.3401393586699,169.0441814912637
233,171.2259506662241,168.9315229272967
234,171.1118380742037,168.81893944400937
235,170.9978015318919,168.70643099136456
236,170.88384098860584,168.59399751935854
237,170.76995639369633,168.4816389780208
238,170.65614769654806,168.36935531741432
239,170.54241484657936,168.2571464876352
240,170.42875779324226,168.1450124388128
241,170.31517648602258,168.03295312110987
242,170.20167087443966,167.92096848472218
243,170.0882409080466,167.8090584798788
244,169.9748865364301,167.69722305684192
245,169.8616077092104,167.585462165907
246,169.74840437604135,167.4737757574024
247,169.6352764866104,167.36216378168982
248,169.52222399063842,167.25062618916388
249,169.40924683787992,167.13916293025233
250,169.29634497812282,167.02777395541597
251,169.18351836118848,166.91645921514856
252,169.07076693693176,166.80521865997687
253,168.95809065524088,166.69405224046065
254,168.84548946603755,166.58295990719265
255,168.73296331927673,166.47194161079844
256,168.62051216494683,166.36099730193655
257,168.5081359530696,166.25012693129847
258,168.3958346337,166.13933044960842
259,168.2836081569263,166.0286078076235
260,168.17145647287015,165.9179589561337
261,168.0593795316863,165.8073838459617
262,167.94737728356276,165.69688242796303
263,167.8354496787208,165.58645465302595
264,167.7235966674148,165.47610047207144
265,167.6118181999323,165.3658198360532
266,167.50011422659398,165.25561269595764
267,167.38848469775363,165.14547900280374
268,167.2769295637981,165.0354187076432
269,167.16544877514735,164.9254317615604
270,167.0540422822544,164.81551811567218
271,166.9427100356052,164.7056777211281
272,166.83145198571876,164.59591052911014
273,166.72026808314706,164.4862164908329
274,166.60915827847504,164.37659555754348
275,166.49812252232056,164.26704768052147
276,166.38716076533436,164.1575728110789
277,166.27627295820014,164.04817090056025
278,166.1654590516344,163.9388419003425
279,166.05471899638653,163.82958576183495
280,165.94405274323876,163.72040243647936
281,165.83346024300602,163.61129187574974
282,165.7229414465361,163.50225403115255
283,165.6124963047096,163.39328885422648
284,165.50212476843973,163.28439629654264
285,165.39182678867246,163.17557630970427
286,165.28160231638648,163.06682884534692
287,165.17145130259317,162.95815385513842
288,165.06137369833647,162.84955129077878
289,164.951369454693,162.74102110400014
290,164.84143852277208,162.63256324656695
291,164.73158085371537,162.52417767027558
292,164.6217963986973,162.41586432695476
293,164.51208510892482,162.30762316846523
294,164.4024469356373,162.19945414669976
295,164.2928818301067,162.09135721358328
296,164.18338974363738,161.98333232107265
297,164.0739706275662,161.87537942115682
298,163.96462443326246,161.76749846585673
299,163.8553511121278,161.6596894072253
300,163.74615061559638,161.5519521973474
301,163.63702289513455,161.44428678833975
302,163.5279679022412,161.33669313235117
303,163.41898558844733,161.22917118156215
304,163.31007590531644,161.1217208881852
305,163.2012388044442,161.01434220446464
306,163.09247423745853,160.9070350826766
307,162.98378215601969,160.79979947512902
308,162.87516251182,160.69263533416162
309,162.76661525658415,160.58554261214593
310,162.65814034206883,160.47852126148513
311,162.54973772006304,160.3715712346142
312,162.4414073423878,160.26469248399982
313,162.33314916089628,160.1578849621403
314,162.2249631274737,160.05114862156555
315,162.11684919403743,159.94448341483732
316,162.00880731253676,159.83788929454877
317,161.90083743495316,159.7313662133248
318,161.79293951329996,159.62491412382175
319,161.68511349962256,159.51853297872762
320,161.57735934599825,159.41222273076187
321,161.4696770045363,159.3059833326755
322,161.3620664273779,159.19981473725105
323,161.25452756669614,159.09371689730241
324,161.14706037469594,158.98768976567501
325,161.0396648036141,158.88173329524568
326,160.9323408057193,158.77584743892265
327,160.82508833331192,158.67003214964555
328,160.71790733872425,158.56428738038534
329,160.61079777432025,158.45861308414436
330,160.5037595924957,158.35300921395626
331,160.39679274567803,158.24747572288595
332,160.28989718632647,158.1420125640297
333,160.18307286693184,158.03661969051495
334,160.0763197400167,157.93129705550047
335,159.96963775813515,157.82604461217613
336,159.86302687387303,157.72086231376312
337,159.7564870398477,157.61575011351377
338,159.65001820870813,157.51070796471146
339,159.54362033313484,157.40573582067083
340,159.4372933658399,157.30083363473764
341,159.33103725956684,157.19600136028865
342,159.22485196709076,157.09123895073174
343,159.11873744121814,156.98654635950584
344,159.01269363478704,156.8819235400809
345,158.9067205006668,156.77737044595787
346,158.80081799175832,156.67288703066876
347,158.69498606099376,156.56847324777644
348,158.58922466133674,156.46412905087485
349,158.48353374578215,156.35985439358868
350,158.37791326735632,156.25564922957375
351,158.27236317911678,156.15151351251663
352,158.16688343415234,156.0474471961347
353,158.06147398558315,155.94345023417634
354,157.95613478656054,155.83952258042063
355,157.85086579026714,155.73566418867756
356,157.74566694991665,155.6318750127878
357,157.64053821875407,155.52815500662277
358,157.53547955005553,155.4245041240848
359,157.4304908971283,155.32092231910678
360,157.3255722133107,155.21740954565234
361,157.2207234519722,155.11396575771576
362,157.1159445665134,155.01059090932213
363,157.0112355103659,154.907284954527
364,156.9065962369923,154.8040478474166
365,156.8020266998863,154.70087954210783
366,156.6975268525725,154.59777999274803
367,156.59309664860658,154.49474915351524
368,156.48873604157504,154.39178697861794
369,156.38444498509546,154.2888934222952
370,156.2802234328162,154.18606843881648
371,156.17607133841662,154.08331198248183
372,156.07198865560684,153.9806240076217
373,155.96797533812796,153.87800446859706
374,155.86403133975176,153.77545331979908
375,155.760156614281,153.67297051564964
376,155.656351115549,153.57055601060065
377,155.55261479742012,153.4682097591347
378,155.44894761378922,153.36593171576445
379,155.34534951858208,153.2637218350331
380,155.24182046575504,153.16158007151392
381,155.13836040929522,153.05950637981067
382,155.03496930322035,152.9575007145572
383,154.93164710157882,152.85556303041767
384,154.8283937584497,152.75369328208646
385,154.7252092279425,152.6518914242881
386,154.62209346419758,152.55015741177732
387,154.5190464213856,152.44849119933906
388,154.41606805370793,152.34689274178825
389,154.31315831539635,152.24536199397005
390,154.21031716071326,152.1438989107597
391,154.10754454395143,152.0425034470625
392,154.00484041943417,151.94117555781375
393,153.90220474151516,151.83991519797885
394,153.79963746457858,151.73872232255323
395,153.69713854303896,151.63759688656225
396,153.59470793134122,151.53653884506124
397,153.49234558396068,151.4355481531356
398,153.39005145540287,151.3346247659005
399,153.28782550020384,151.23376863850112
400,153.18566767292972,151.13297972611247
401,153.08357792817716,151.0322579839396
402,152.9815562205728,150.93160336721712
403,152.87960250477374,150.83101583120978
404,152.77771673546724,150.73049533121198
405,152.67589886737062,150.63004182254787
406,152.5741488552316,150.5296552605715
407,152.47246665382795,150.42933560066666
408,152.37085221796752,150.32908279824676
409,152.26930550248835,150.22889680875502
410,152.1678264622586,150.12877758766433
411,152.0664150521764,150.02872509047725
412,151.9650712271701,149.92873927272603
413,151.86379494219796,149.8288200899725
414,151.76258615224828,149.72896749780816
415,151.6614448123394,149.62918145185407
416,151.5603708775196,149.52946190776083
417,151.4593643028671,149.4298088212087
418,151.35842504349014,149.3302221479074
419,151.25755305452682,149.23070184359617
420,151.1567482911451,149.13124786404376
421,151.05601070854289,149.0318601650484
422,150.95534026194792,148.93253870243782
423,150.8547369066178,148.83328343206912
424,150.75420059783985,148.7340943098288
425,150.65373129093135,148.63497129163287
426,150.55332894123924,148.53591433342663
427,150.45299350414027,148.4369233911848
428,150.35272493504084,148.3379984209113
429,150.2525231893772,148.23913937863955
430,150.15238822261526,148.1403462204322
431,150.05231999025054,148.04161890238117
432,149.95231844780824,147.94295738060762
433,149.85238355084334,147.84436161126206
434,149.75251525494025,147.74583155052406
435,149.65271351571306,147.6473671546025
436,149.55297828880543,147.54896837973544
437,149.45330952989065,147.45063518219013
438,149.35370719467141,147.3523675182628
439,149.2541712388801,147.25416534427913
440,149.15470161827844,147.15602861659352
441,149.05529828865772,147.0579572915897
442,148.95596120583872,146.9599513256805
443,148.85669032567156,146.86201067530757
444,148.75748560403594,146.76413529694184
445,148.65834699684075,146.66632514708309
446,148.55927446002448,146.56858018226015
447,148.46026794955486,146.47090035903082
448,148.361327421429,146.37328563398185
449,148.26245283167333,146.27573596372892
450,148.16364413634358,146.17825130491659
451,148.06490129152476,146.08083161421834
452,147.96622425333118,145.98347684833655
453,147.8676129779064,145.88618696400246
454,147.7690674214231,145.78896191797602
455,147.67058754008332,145.6918016670462
456,147.57217329011823,145.59470616803065
457,147.47382462778816,145.4976753777758
458,147.37554150938251,145.4007092531568
459,147.27732389122002,145.30380775107767
460,147.17917172964835,145.20697082847107
461,147.08108498104428,145.1101984422983
462,146.98306360181374,145.01349054954943
463,146.8851075483917,144.91684710724326
464,146.78721677724204,144.820268072427
465,146.68939124485786,144.72375340217675
466,146.59163090776107,144.62730305359707
467,146.49393572250264,144.5309169838211
468,146.39630564566252,144.43459515001064
469,146.29874063384955,144.33833750935597
470,146.20124064370145,144.24214401907585
471,146.103805631885,144.14601463641773
472,146.00643555509563,144.04994931865735
473,145.9091303700578,143.95394802309903
474,145.81189003352475,143.85801070707552
475,145.7147145022786,143.76213732794807
476,145.61760373313012,143.6663278431062
477,145.5205576829191,143.570582209968
478,145.42357630851384,143.47490038597977
479,145.3266595668116,143.37928232861634
480,145.2298074147382,143.2837279953807
481,145.13301980924825,143.18823734380433
482,145.03629670732505,143.0928103314469
483,144.93963806598057,142.99744691589643
484,144.84304384225538,142.90214705476916
485,144.74651399321877,142.80691070570964
486,144.65004847596848,142.7117378263905
487,144.55364724763103,142.61662837451277
488,144.45731026536143,142.5215823078056
489,144.36103748634318,142.42659958402618
490,144.2648288677884,142.33168016096005
491,144.16868436693773,142.23682399642075
492,144.07260394106027,142.14203104825006
493,143.9765875474536,142.0473012743177
494,143.88063514344375,141.9526346325216
495,143.78474668638523,141.85803108078767
496,143.68892213366092,141.76349057706986
497,143.5931614426822,141.66901307935026
498,143.49746457088867,141.57459854563876
499,143.4018314757484,141.48024693397338
500,143.30626211475786,141.3859582024201
501,143.2107564454417,141.29173230907278
502,143.11531442535298,141.19756921205325
503,143.01993601207306,141.1034688695113
504,142.92462116321144,141.0094312396244
505,142.82936983640607,140.91545628059825
506,142.734181989323,140.82154395066607
507,142.63905757965645,140.72769420808905
508,142.54399656512896,140.63390701115625
509,142.44899890349117,140.5401823181844
510,142.35406455252192,140.44652008751814
511,142.25919347002818,140.35292027752982
512,142.16438561384496,140.25938284661945
513,142.06964094183544,140.16590775321487
514,141.97495941189092,140.0724949557716
515,141.88034098193071,139.97914441277285
516,141.78578560990215,139.88585608272948
517,141.69129325378066,139.79262992418
518,141.59686387156958,139.69946589569057
519,141.50249742130035,139.60636395585493
520,141.40819386103226,139.51332406329442
521,141.3139531488527,139.4203461766581
522,141.21977524287686,139.32743025462233
523,141.12566010124792,139.2345762558912
524,141.03160768213687,139.14178413919623
525,140.93761794374268,139.04905386329654
526,140.84369084429213,138.9563853869786
527,140.7498263420398,138.86377866905647
528,140.6560243952682,138.7712336683716
529,140.5622849622875,138.67875034379284
530,140.46860800143577,138.58632865421654
531,140.3749934710788,138.49396855856634
532,140.28144132961015,138.40167001579337
533,140.18795153545102,138.30943298487597
534,140.09452404705047,138.21725742482
535,140.00115882288512,138.12514329465847
536,139.90785582145935,138.03309055345179
537,139.81461500130513,137.94109916028765
538,139.7214363209821,137.84916907428095
539,139.6283197390775,137.75730025457386
540,139.53526521420622,137.66549266033587
541,139.44227270501065,137.57374625076352
542,139.34934217016078,137.48206098508064
543,139.2564735683542,137.39043682253828
544,139.1636668583159,137.29887372241447
545,139.07092199879853,137.20737164401464
546,138.97823894858212,137.1159305466711
547,138.88561766647422,137.02455038974347
548,138.79305811130973,136.93323113261818
549,138.70056024195117,136.84197273470903
550,138.6081240172883,136.75077515545664
551,138.51574939623842,136.65963835432882
552,138.42343633774607,136.56856229082027
553,138.3311848007833,136.4775469244528
554,138.23899474434938,136.3865922147751
555,138.14686612747093,136.29569812136282
556,138.05479890920193,136.20486460381863
557,137.9627930486236,136.11409162177205
558,137.87084850484447,136.02337913487958
559,137.77896523700028,135.9327271028245
560,137.68714320425403,135.84213548531702
561,137.5953823657959,135.75160424209423
562,137.5036826808433,135.66113333292
563,137.4120441086408,135.57072271758503
564,137.3204666084602,135.48037235590684
565,137.22895013960036,135.3900822077297
566,137.13749466138728,135.2998522329247
567,137.04610013317406,135.20968239138955
568,136.95476651434095,135.11957264304877
569,136.8634937642952,135.02952294785365
570,136.77228184247116,134.93953326578205
571,136.68113070833022,134.8496035568386
572,136.59004032136068,134.75973378105445
573,136.499010641078,134.66992389848755
574,136.40804162702455,134.58017386922242
575,136.31713323876957,134.49048365337006
576,136.22628543590943,134.40085321106824
577,136.13549817806725,134.31128250248116
578,136.04477142489318,134.22177148779963
579,135.95410513606421,134.13232012724094
580,135.8634992712842,134.042928381049
581,135.77295379028388,133.95359620949407
582,135.6824686528208,133.86432357287302
583,135.59204381867937,133.77511043150906
584,135.50167924767078,133.685956745752
585,135.41137489963293,133.59686247597784
586,135.32113073443065,133.5078275825893
587,135.2309467119553,133.41885202601512
588,135.1408227921252,133.32993576671072
589,135.05075893488524,133.24107876515777
590,134.96075510020702,133.15228098186427
591,134.87081124808884,133.06354237736446
592,134.78092733855567,132.97486291221904
593,134.69110333165906,132.88624254701483
594,134.60133918747727,132.7976812423651
595,134.51163486611514,132.7091789589092
596,134.42199032770404,132.62073565731282
597,134.33240553240196,132.53235129826777
598,134.24288044039344,132.44402584249218
599,134.15341501188954,132.35575925073022
600,134.06400920712787,132.26755148375236
601,133.9746629863725,132.17940250235512
602,133.88537630991397,132.09131226736113
603,133.79614913806935,132.0032807396192
604,133.7069814311821,131.91530788000426
605,133.61787314962214,131.82739364941722
606,133.52882425378579,131.73953800878505
607,133.43983470409572,131.65174091906084
608,133.35090446100108,131.56400234122367
609,133.26203348497728,131.47632223627858
610,133.17322173652607,131.38870056525664
611,133.08446917617565,131.3011372892149
612,132.99577576448038,131.21363236923636
613,132.90714146202097,131.1261857664299
614,132.81856622940438,131.03879744193037
615,132.73005002726387,130.95146735689855
616,132.64159281625888,130.864195472521
617,132.55319455707513,130.77698175001032
618,132.46485521042445,130.68982615060477
619,132.37657473704493,130.60272863556852
620,132.28835309770085,130.51568916619166
621,132.2001902531825,130.42870770378988
622,132.11208616430642,130.3417842097047
623,132.0240407919153,130.25491864530363
624,131.9360540968778,130.16811097197964
625,131.84812604008874,130.08136115115155
626,131.760256582469,129.99466914426392
627,131.67244568496542,129.9080349127869
628,131.584693308551,129.82145841821642
629,131.4969994142247,129.73493962207408
630,131.40936396301134,129.648478485907
631,131.32178691596195,129.56207497128807
632,131.23426823415338,129.47572903981572
633,131.14680787868835,129.38944065311392
634,131.05940581069567,129.30320977283236
635,130.97206199132992,129.21703636064612
636,130.88477638177173,129.13092037825598
637,130.79754894322735,129.0448617873881
638,130.71037963692913,128.95886054979428
639,130.62326842413512,128.87291662725173
640,130.5362152661292,128.78702998156308
641,130.44922012422114,128.7012005745566
642,130.36228295974638,128.6154283680858
643,130.2754037340662,128.52971332402973
644,130.18858240856758,128.44405540429278
645,130.1018189446633,128.3584545708048
646,130.0151133037918,128.272910785521
647,129.92846544741724,128.18742401042186
648,129.84187533702948,128.1019942075133
649,129.75534293414398,128.01662133882647
650,129.66886820030194,127.9313053664179
651,129.5824510970701,127.84604625236938
652,129.4960915860409,127.76084395878796
653,129.40978962883233,127.67569844780598
654,129.32354518708792,127.59060968158094
655,129.23735822247687,127.50557762229569
656,129.15122869669378,127.42060223215809
657,129.0651565714589,127.33568347340137
658,128.979141808518,127.25082130828386
659,128.8931843696422,127.166015699089
660,128.8072842166283,127.08126660812547
661,128.72144131129832,126.99657399772693
662,128.63565561549996,126.91193783025226
663,128.54992709110624,126.82735806808542
664,128.46425570001554,126.74283467363534
665,128.37864140415172,126.6583676093361
666,128.29308416546397,126.57395683764675
667,128.20758394592687,126.48960232105145
668,128.12214070754027,126.40530402205923
669,128.03675441232943,126.32106190320422
670,127.95142502234489,126.23687592704547
671,127.86615249966245,126.15274605616698
672,127.78093680638325,126.06867225317772
673,127.6957779046336,125.98465448071151
674,127.61067575656513,125.90069270142716
675,127.52563032435467,125.81678687800832
676,127.4406415702042,125.73293697316348
677,127.35570945634097,125.64914294962601
678,127.27083394501742,125.56540477015419
679,127.18601499851101,125.48172239753097
680,127.10125257912448,125.39809579456421
681,127.01654664918563,125.31452492408654
682,126.93189717104738,125.23100974895534
683,126.84730410708775,125.14755023205278
684,126.7627674197098,125.0641463362857
685,126.6782870713417,124.98079802458572
686,126.59386302443659,124.89750525990914
687,126.50949524147268,124.81426800523695
688,126.4251836849532,124.73108622357483
689,126.34092831740631,124.64795987795307
690,126.25672910138519,124.56488893142664
691,126.17258599946798,124.48187334707512
692,126.08849897425776,124.39891308800271
693,126.00446798838246,124.31600811733814
694,125.92049300449501,124.23315839823479
695,125.83657398527322,124.15036389387056
696,125.75271089341969,124.06762456744787
697,125.66890369166195,123.98494038219368
698,125.58515234275238,123.9023113013595
699,125.50145680946814,123.81973728822126
700,125.41781705461122,123.73721830607943
701,125.33423304100839,123.65475431825888
702,125.25070473151119,123.57234528810895
703,125.16723208899595,123.4899911790034
704,125.08381507636366,123.4076919543404
705,125.00045365654016,123.32544757754252
706,124.91714779247589,123.24325801205671
707,124.83389744714603,123.16112322135427
708,124.75070258355044,123.07904316893087
709,124.66756316471357,122.99701781830642
710,124.58447915368463,122.91504713302525
711,124.50145051353736,122.83313107665597
712,124.41847720737013,122.75126961279138
713,124.33555919830594,122.66946270504864
714,124.25269644949235,122.58771031706915
715,124.16988892410141,122.50601241251846
716,124.08713658532984,122.42436895508642
717,124.00443939639881,122.34277990848707
718,123.92179732055395,122.26124523645854
719,123.83921032106554,122.17976490276327
720,123.75667836122817,122.09833887118772
721,123.674201404361,122.01696710554256
722,123.59177941380761,121.9356495696626
723,123.509412352936,121.85438622740666
724,123.42710018513858,121.77317704265774
725,123.34484287383216,121.69202197932282
726,123.26264038245793,121.610921001333
727,123.18049267448146,121.52987407264341
728,123.09839971339265,121.44888115723319
729,123.01636146270573,121.36794221910547
730,122.93437788595926,121.28705722228742
731,122.85244894671612,121.20622613083013
732,122.77057460856342,121.12544890880868
733,122.68875483511255,121.04472552032205
734,122.60698958999919,120.9640559294932
735,122.52527883688322,120.88344010046899
736,122.44362253944874,120.80287799742013
737,122.36202066140409,120.72236958454128
738,122.28047316648174,120.6419148260509
739,122.19898001843836,120.56151368619129
740,122.11754118105478,120.48116612922864
741,122.03615661813596,120.40087211945294
742,121.95482629351098,120.32063162117794
743,121.87355017103303,120.24044459874119
744,121.79232821457937,120.16031101650401
745,121.71116038805138,120.08023083885149
746,121.63004665537444,120.00020403019244
747,121.54898698049803,119.92023055495936
748,121.46798132739562,119.84031037760852
749,121.38702966006467,119.7604434626198
750,121.30613194252669,119.68062977449684
751,121.22528813882711,119.60086927776683
752,121.14449821303539,119.52116193698072
753,121.06376212924485,119.44150771671298
754,120.9830798515728,119.36190658156173
755,120.90245134416047,119.28235849614872
756,120.82187657117294,119.20286342511922
757,120.7413554967992,119.12342133314209
758,120.66088808525215,119.04403218490978
759,120.58047430076842,118.96469594513812
760,120.5001141076086,118.88541257856664
761,120.41980747005702,118.80618204995827
762,120.33955435242187,118.72700432409943
763,120.25935471903506,118.6478793658
764,120.17920853425237,118.5688071398934
765,120.09911576245318,118.48978761123631
766,120.01907636804077,118.41082074470903
767,119.93909031544207,118.33190650521516
768,119.85915756910768,118.25304485768164
769,119.77927809351196,118.1742357670589
770,119.69945185315296,118.09547919832072
771,119.61967881255227,118.01677511646407
772,119.53995893625526,117.93812348650944
773,119.46029218883085,117.85952427350053
774,119.38067853487159,117.78097744250432
775,119.30111793899367,117.70248295861116
776,119.22161036583678,117.62404078693457
777,119.14215578006424,117.54565089261139
778,119.06275414636289,117.46731324080163
779,118.98340542944314,117.38902779668861
780,118.90410959403887,117.31079452547876
781,118.82486660490747,117.23261339240172
782,118.74567642682987,117.15448436271036
783,118.6665390246104,117.07640740168063
784,118.58745436307692,116.99838247461169
785,118.50842240708064,116.92040954682577
786,118.42944312149626,116.84248858366821
787,118.3505164712219,116.76461955050752
788,118.27164242117902,116.68680241273523
789,118.19282093631251,116.60903713576593
790,118.11405198159058,116.53132368503726
791,118.0353355220048,116.45366202600994
792,117.95667152257008,116.37605212416764
793,117.87805994832468,116.29849394501713
794,117.79950076433006,116.22098745408805
795,117.72099393567103,116.14353261693304
796,117.64253942745573,116.06612939912783
797,117.56413720481542,115.9887777662709
798,117.48578723290468,115.91147768398376
799,117.40748947690133,115.83422911791087
800,117.32924390200637,115.75703203371948
801,117.25105047344393,115.67988639709978
802,117.17290915646142,115.60279217376484
803,117.09481991632936,115.52574932945055
804,117.01678271834137,115.4487578299156
805,116.93879752781436,115.37181764094164
806,116.86086431008813,115.29492872833295
807,116.78298303052574,115.2180910579167
808,116.70515365451331,115.14130459554283
809,116.62737614745996,115.064569307084
810,116.54965047479793,114.98788515843565
811,116.47197660198249,114.91125211551594
812,116.39435449449189,114.8346701442657
813,116.31678411782742,114.75813921064854
814,116.23926543751337,114.68165928065069
815,116.16179841909697,114.60523032028107
816,116.08438302814848,114.5288522955713
817,116.007019230261,114.4525251725755
818,115.92970699105064,114.37624891737056
819,115.8524462761564,114.30002349605591
820,115.77523705124023,114.22384887475361
821,115.69807928198684,114.14772501960822
822,115.62097293410392,114.07165189678693
823,115.54391797332202,113.99562947247951
824,115.46691436539443,113.91965771289814
825,115.38996207609733,113.84373658427764
826,115.31306107122975,113.76786605287528
827,115.2362113166134,113.69204608497078
828,115.1594127780929,113.61627664686645
829,115.08266542153554,113.54055770488696
830,115.00596921283135,113.46488922537941
831,114.92932411789315,113.38927117471339
832,114.85273010265644,113.31370351928085
833,114.77618713307945,113.23818622549618
834,114.69969517514306,113.16271925979615
835,114.62325419485089,113.08730258863989
836,114.54686415822913,113.01193617850886
837,114.47052503132664,112.93661999590687
838,114.39423678021497,112.86135400736009
839,114.31799937098816,112.78613817941692
840,114.24181276976297,112.71097247864816
841,114.16567694267867,112.63585687164678
842,114.08959185589711,112.56079132502809
843,114.0135574756027,112.48577580542963
844,113.93757376800238,112.41081027951115
845,113.8616406993256,112.33589471395464
846,113.78575823582435,112.26102907546431
847,113.70992634377308,112.18621333076652
848,113.63414498946871,112.11144744660983
849,113.55841413923066,112.03673138976498
850,113.48273375940077,111.9620651270248
851,113.4071038163433,111.8874486252043
852,113.33152427644492,111.81288185114056
853,113.2559951061148,111.73836477169286
854,113.18051627178434,111.66389735374244
855,113.10508773990742,111.58947956419266
856,113.02970947696025,111.51511136996899
857,112.95438144944137,111.44079273801886
858,112.87910362387169,111.36652363531181
859,112.80387596679434,111.2923040288393
860,112.72869844477482,111.21813388561485
861,112.65357102440095,111.14401317267398
862,112.57849367228268,111.06994185707408
863,112.50346635505235,110.99591990589465
864,112.4284890393645,110.92194728623701
865,112.35356169189583,110.84802396522443
866,112.27868427934531,110.7741499100021
867,112.20385676843412,110.70032508773711
868,112.12907912590553,110.62654946561841
869,112.05435131852508,110.55282301085684
870,111.97967331308041,110.47914569068514
871,111.90504507638126,110.40551747235776
872,111.83046657525955,110.33193832315108
873,111.75593777656927,110.25840821036324
874,111.6814586471865,110.1849271013142
875,111.60702915400942,110.1114949633457
876,111.53264926395825,110.0381117638212
877,111.45831894397524,109.96477747012598
878,111.3840381610247,109.89149204966698
879,111.30980688209297,109.81825546987292
880,111.23562507418836,109.74506769819425
881,111.16149270434114,109.67192870210297
882,111.08740973960364,109.59883844909295
883,111.0133761470501,109.52579690667963
884,110.93939189377664,109.45280404240005
885,110.86545694690142,109.37985982381294
886,110.79157127356443,109.30696421849866
887,110.71773484092759,109.23411719405917
888,110.64394761617477,109.16131871811804
889,110.57020956651158,109.08856875832032
890,110.49652065916558,109.01586728233276
891,110.42288086138612,108.94321425784355
892,110.34929014044444,108.8706096525625
893,110.2757484636335,108.79805343422082
894,110.20225579826814,108.72554557057136
895,110.12881211168497,108.65308602938839
896,110.05541737124231,108.58067477846767
897,109.98207154432032,108.50831178562643
898,109.9087745983208,108.4359970187033
899,109.83552650066734,108.3637304455584
900,109.7623272188053,108.2915120340733
901,109.68917672020156,108.21934175215087
902,109.61607497234485,108.14721956771542
903,109.5430219427455,108.07514544871272
904,109.47001759893547,108.00311936310973
905,109.39706190846839,107.93114127889491
906,109.32415483891953,107.859211164078
907,109.2512963578857,107.78732898669004
908,109.17848643298542,107.71549471478342
909,109.10572503185867,107.64370831643177
910,109.03301212216707,107.57196975973002
911,108.96034767159377,107.50027901279441
912,108.88773164784342,107.42863604376232
913,108.81516401864229,107.35704082079249
914,108.74264475173807,107.28549331206479
915,108.67017381489997,107.2139934857803
916,108.59775117591867,107.14254131016136
917,108.52537680260636,107.07113675345144
918,108.45305066279664,106.99977978391517
919,108.38077272434454,106.92847036983832
920,108.30854295512657,106.85720847952787
921,108.23636132304057,106.78599408131183
922,108.16422779600583,106.71482714353935
923,108.09214234196303,106.64370763458072
924,108.02010492887413,106.57263552282723
925,107.94811552472252,106.50161077669125
926,107.87617409751296,106.4306333646063
927,107.80428061527141,106.35970325502677
928,107.73243504604524,106.28882041642824
929,107.66063735790313,106.21798481730723
930,107.5888875189349,106.14719642618117
931,107.5171854972518,106.07645521158864
932,107.44553126098626,106.00576114208904
933,107.37392477829191,105.9351141862628
934,107.30236601734369,105.86451431271128
935,107.2308549463377,105.79396149005677
936,107.15939153349122,105.72345568694244
937,107.08797574704272,105.65299687203235
938,107.01660755525191,105.58258501401154
939,106.9452869263995,105.51222008158575
940,106.87401382878751,105.44190204348176
941,106.80278823073901,105.37163086844711
942,106.73161010059813,105.30140652525012
943,106.66047940673013,105.23122898267995
944,106.58939611752145,105.16109820954667
945,106.51836020137944,105.09101417468095
946,106.44737162673262,105.0209768469344
947,106.37643036203048,104.95098619517927
948,106.30553637574359,104.88104218830863
949,106.23468963636348,104.81114479523622
950,106.1638901124028,104.7412939848966
951,106.09313777239497,104.67148972624489
952,106.02243258489459,104.601731988257
953,105.95177451847711,104.53202073992952
954,105.88116354173891,104.46235595027962
955,105.81059962329738,104.3927375883452
956,105.74008273179076,104.32316562318478
957,105.66961283587818,104.25364002387742
958,105.59918990423974,104.18416075952292
959,105.52881390557633,104.1147277992416
960,105.45848480860971,104.04534111217434
961,105.38820258208253,103.97600066748262
962,105.31796719475824,103.90670643434848
963,105.24777861542107,103.83745838197443
964,105.17763681287616,103.76825647958363
965,105.10754175594931,103.69910069641959
966,105.03749341348723,103.6299910017465
967,104.96749175435727,103.56092736484888
968,104.89753674744759,103.4919097550318
969,104.82762836166708,103.42293814162075
970,104.75776656594536,103.35401249396169
971,104.68795132923272,103.285132781421
972,104.61818262050015,103.21629897338545
973,104.5484604087394,103.1475110392623
974,104.47878466296274,103.07876894847904
975,104.40915535220321,103.0100726704837
976,104.33957244551446,102.94142217474457
977,104.27003591197071,102.8728174307503
978,104.20054572066688,102.80425840800994
979,104.13110184071842,102.7357450760528
980,104.06170424126138,102.66727740442849
981,103.99235289145237,102.59885536270691
982,103.92304776046859,102.53047892047832
983,103.85378881750773,102.46214804735314
984,103.78457603178808,102.39386271296212
985,103.71540937254835,102.32562288695621
986,103.64628880904785,102.25742853900661
987,103.57721431056628,102.18927963880469
988,103.5081858464039,102.12117615606209
989,103.4392033858814,102.05311806051058
990,103.37026689833984,101.98510532190208
991,103.30137635314085,101.91713791000876
992,103.2325317196664,101.84921579462286
993,103.16373296731882,101.78133894555675
994,103.09498006552096,101.71350733264298
995,103.02627298371591,101.64572092573412
996,102.95761169136723,101.57797969470292
997,102.88899615795877,101.51028360944213
998,102.82042635299473,101.4426326398646
999,102.75190224599966,101.37502675590326
1000,102.6834238065184,101.30746592751106
1001,102.61499100411609,101.23995012466094
1002,102.5466038083781,101.17247931734583
1003,102.47826218891018,101.10505347557879
1004,102.40996611533824,101.03767256939271
1005,102.34171555730849,100.97033656884057
1006,102.27351048448735,100.90304544399523
1007,102.20535086656142,100.83579916494949
1008,102.13723667323758,100.7685977018162
1009,102.06916787424281,100.70144102472796
1010,102.00114443932435,100.6343291038374
1011,101.93316633824952,100.56726190931698
1012,101.86523354080587,100.50023941135908
1013,101.79734601680101,100.43326158017588
1014,101.72950373606272,100.36632838599948
1015,101.66170666843892,100.29943979908185
1016,101.59395478379749,100.2325957896946
1017,101.52624805202655,100.16579632812939
1018,101.45858644303418,100.09904138469753
1019,101.39096992674857,100.03233092973014
1020,101.3233984731179,99.96566493357813
1021,101.25587205211049,99.89904336661222
1022,101.18839063371452,99.83246619922275
1023,101.1209541879383,99.76593340181992
1024,101.05356268481003,99.69944494483359
1025,100.98621609437795,99.63300079871328
1026,100.91891438671024,99.56660093392833
1027,100.85165753189503,99.50024532096764
1028,100.78444550004038,99.43393393033983
1029,100.71727826127427,99.3676667325732
1030,100.65015578574463,99.30144369821565
1031,100.58307804361921,99.23526479783472
1032,100.51604500508569,99.16913000201754
1033,100.44905664035157,99.10303928137087
1034,100.38211291964431,99.03699260652108
1035,100.31521381321112,98.9709899481141
1036,100.24835929131903,98.90503127681536
1037,100.18154932425493,98.83911656330991
1038,100.11478388232555,98.7732457783024
1039,100.0480629358573,98.70741889251681
1040,99.98138645519644,98.64163587669681
1041,99.914754410709,98.5758967016055
1042,99.84816677278071,98.51020133802545
1043,99.78162351181707,98.44454975675873
1044,99.7151245982433,98.37894192862684
1045,99.64867000250433,98.31337782447078
1046,99.58225969506479,98.24785741515093
1047,99.51589364640897,98.1823806715471
1048,99.44957182704086,98.11694756455852
1049,99.38329420748406,98.05155806510378
1050,99.31706075828191,97.98621214412094
1051,99.25087144999726,97.9209097725673
1052,99.18472625321269,97.85565092141964
1053,99.11862513853029,97.79043556167399
1054,99.05256807657182,97.72526366434576
1055,98.98655503797855,97.66013520046964
1056,98.92058599341141,97.59505014109969
1057,98.85466091355075,97.53000845730917
1058,98.78877976909656,97.46501012019067
1059,98.72294253076836,97.40005510085606
1060,98.65714916930514,97.33514337043646
1061,98.59139965546537,97.27027490008213
1062,98.5256939600271,97.20544966096274
1063,98.46003205378774,97.140667624267
1064,98.39441390756424,97.07592876120289
1065,98.32883949219303,97.01123304299765
1066,98.26330877852985,96.94658044089755
1067,98.19782173744996,96.88197092616814
1068,98.13237833984803,96.81740447009408
1069,98.06697855663808,96.75288104397913
1070,98.00162235875355,96.68840061914625
1071,97.93630971714724,96.62396316693747
1072,97.8710406027913,96.5595686587139
1073,97.80581498667723,96.49521706585577
1074,97.7406328398159,96.43090835976237
1075,97.67549413323742,96.36664251185205
1076,97.61039883799127,96.30241949356218
1077,97.54534692514623,96.23823927634928
1078,97.4803383657903,96.17410183168872
1079,97.41537313103082,96.11000713107501
1080,97.35045119199434,96.04595514602161
1081,97.28557251982663,95.98194584806096
1082,97.22073708569278,95.9179792087445
1083,97.155944860777,95.85405519964259
1084,97.09119581628276,95.79017379234458
1085,97.02648992343269,95.7263349584587
1086,96.96182715346865,95.66253866961218
1087,96.89720747765159,95.59878489745107
1088,96.83263086726168,95.53507361364038
1089,96.7680972935982,95.471404789864
1090,96.70360672797955,95.40777839782463
1091,96.63915914174325,95.3441944092439
1092,96.57475450624595,95.28065279586227
1093,96.51039279286334,95.21715352943897
1094,96.44607397299025,95.15369658175219
1095,96.38179801804048,95.09028192459874
1096,96.31756489944699,95.02690952979441
1097,96.25337458866171,94.96357936917364
1098,96.1892270571556,94.90029141458972
1099,96.12512227641867,94.83704563791466
1100,96.06106021795988,94.77384201103922
1101,95.9970408533072,94.71068050587289
1102,95.93306415400761,94.64756109434391
1103,95.869130091627,94.5844837483992
1104,95.80523863775022,94.52144844000438
1105,95.74138976398108,94.45845514114373
1106,95.6775834419423,94.39550382382028
1107,95.61381964327552,94.33259446005563
1108,95.55009833964125,94.26972702189006
1109,95.48641950271896,94.20690148138253
1110,95.42278310420687,94.1441178106105
1111,95.35918911582219,94.08137598167018
1112,95.29563750930092,94.01867596667628
1113,95.23212825639789,93.95601773776215
1114,95.16866132888676,93.89340126707968
1115,95.10523669856,93.8308265267993
1116,95.0418543372289,93.76829348911004
1117,94.9785142167235,93.70580212621941
1118,94.91521630889267,93.64335241035351
1119,94.85196058560398,93.58094431375689
1120,94.78874701874376,93.5185778086926
1121,94.72557558021714,93.45625286744223
1122,94.66244624194786,93.39396946230576
1123,94.59935897587849,93.33172756560172
1124,94.53631375397022,93.26952714966703
1125,94.47331054820293,93.20736818685701
1126,94.41034933057524,93.14525064954555
1127,94.34743007310436,93.08317451012476
1128,94.28455274782618,93.02113974100531
1129,94.2217173267952,92.95914631461615
1130,94.1589237820846,92.89719420340467
1131,94.09617208578611,92.83528337983658
1132,94.0334622100101,92.77341381639597
1133,93.97079412688552,92.71158548558526
1134,93.90816780855985,92.64979835992516
1135,93.84558322719921,92.58805241195475
1136,93.78304035498822,92.52634761423138
1137,93.72053916413005,92.46468393933071
1138,93.65807962684636,92.40306135984662
1139,93.5956617153774,92.34147984839134
1140,93.53328540198184,92.27993937759528
1141,93.4709506589369,92.21843992010714
1142,93.40865745853823,92.15698144859383
1143,93.34640577309997,92.09556393574044
1144,93.2841955749547,92.0341873542503
1145,93.22202683645344,91.97285167684497
1146,93.15989952996566,91.91155687626411
1147,93.09781362787918,91.8503029252656
1148,93.0357691026003,91.78908979662546
1149,92.97376592655365,91.72791746313784
1150,92.91180407218229,91.66678589761506
1151,92.84988351194761,91.60569507288751
1152,92.78800421832935,91.54464496180374
1153,92.72616616382558,91.48363553723033
1154,92.66436932095277,91.42266677205201
1155,92.60261366224562,91.36173863917153
1156,92.54089916025717,91.30085111150973
1157,92.47922578755876,91.24000416200548
1158,92.41759351674,91.17919776361569
1159,92.35600232040878,91.1184318893153
1160,92.29445217119122,91.05770651209727
1161,92.23294304173169,90.99702160497249
1162,92.17147490469281,90.93637714096994
1163,92.1100477327554,90.87577309313649
1164,92.04866149861851,90.81520943453702
1165,91.98731617499936,90.75468613825437
1166,91.92601173463335,90.69420317738927
1167,91.86474815027407,90.6337605250604
1168,91.80352539469327,90.57335815440437
1169,91.7423434406808,90.51299603857568
1170,91.6812022610447,90.4526741507467
1171,91.62010182861114,90.39239246410776
1172,91.55904211622433,90.33215095186694
1173,91.49802309674662,90.27194958725022
1174,91.4370447430585,90.21178834350151
1175,91.37610702805841,90.15166719388243
1176,91.31520992466294,90.09158611167246
1177,91.25435340580674,90.03154507016893
1178,91.19353744444243,89.9715440426869
1179,91.1327620135407,89.91158300255925
1180,91.07202708609027,89.85166192313666
1181,91.01133263509782,89.79178077778751
1182,90.95067863358804,89.73193953989797
1183,90.89006505460358,89.67213818287189
1184,90.82949187120511,89.61237668013096
1185,90.76895905647116,89.55265500511445
1186,90.7084665834983,89.49297313127943
1187,90.64801442540097,89.4333310321006
1188,90.58760255531155,89.37372868107038
1189,90.5272309463803,89.3141660516988
1190,90.4668995717754,89.25464311751361
1191,90.40660840468293,89.19515985206019
1192,90.3463574183068,89.13571622890149
1193,90.28614658586875,89.07631222161811
1194,90.22597588060847,89.01694780380832
1195,90.16584527578341,88.95762294908792
1196,90.10575474466883,88.89833763109027
1197,90.04570426055784,88.83909182346638
1198,89.98569379676135,88.77988549988476
1199,89.92572332660802,88.72071863403147
1200,89.86579282344431,88.66159119961016
1201,89.80590226063447,88.60250317034198
1202,89.74605161156042,88.54345451996551
1203,89.6862408496219,88.48444522223697
1204,89.62646994823636,88.42547525092999
1205,89.56673888083893,88.36654457983569
1206,89.50704762088247,88.30765318276265
1207,89.44739614183756,88.24880103353694
1208,89.38778441719238,88.189988106002
1209,89.32821242045287,88.13121437401881
1210,89.26868012514258,88.07247981146567
1211,89.20918750480268,88.01378439223834
1212,89.14973453299204,87.95512809024996
1213,89.09032118328712,87.89651087943108
1214,89.03094742928195,87.83793273372957
1215,88.97161324458823,87.77939362711075
1216,88.91231860283519,87.7208935335572
1217,88.85306347766965,87.66243242706888
1218,88.79384784275601,87.60401028166308
1219,88.73467167177621,87.54562707137441
1220,88.67553493842972,87.48728277025477
1221,88.61643761643356,87.42897735237335
1222,88.55737967952224,87.37071079181665
1223,88.49836110144778,87.31248306268839
1224,88.43938185597973,87.2542941391096
1225,88.38044191690506,87.19614399521853
1226,88.32154125802826,87.13803260517068
1227,88.26267985317125,87.07995994313876
1228,88.20385767617339,87.02192598331267
1229,88.14507470089151,86.96393069989956
1230,88.08633090119986,86.90597406712378
1231,88.02762625099004,86.84805605922678
1232,87.96896072417111,86.79017665046722
1233,87.91033429466952,86.73233581512096
1234,87.85174693642905,86.6745335274809
1235,87.7931986234109,86.6167697618572
1236,87.73468932959358,86.55904449257703
1237,87.67621902897295,86.50135769398472
1238,87.61778769556223,86.4437093404417
1239,87.55939530339192,86.38609940632648
1240,87.50104182650986,86.32852786603463
1241,87.44272723898116,86.27099469397882
1242,87.38445151488824,86.21349986458874
1243,87.32621462833075,86.15604335231112
1244,87.26801655342564,86.09862513160974
1245,87.20985726430712,86.0412451769654
1246,87.15173673512659,85.9839034628759
1247,87.0936549400527,85.92659996385599
1248,87.03561185327135,85.86933465443751
1249,86.97760744898557,85.81210750916917
1250,86.91964170141564,85.75491850261668
1251,86.86171458479902,85.69776760936271
1252,86.80382607339031,85.64065480400689
1253,86.74597614146128,85.5835800611657
1254,86.68816476330086,85.52654335547263
1255,86.63039191321509,85.46954466157801
1256,86.57265756552715,85.41258395414908
1257,86.51496169457732,85.35566120786999
1258,86.45730427472303,85.29877639744174
1259,86.3996852803387,85.24192949758216
1260,86.34210468581594,85.18512048302601
1261,86.28456246556334,85.12834932852479
1262,86.22705859400659,85.0716160088469
1263,86.16959304558841,85.01492049877753
1264,86.11216579476856,84.95826277311866
1265,86.05477681602382,84.9016428066891
1266,85.99742608384796,84.84506057432439
1267,85.94011357275177,84.7885160508769
1268,85.88283925726304,84.73200921121573
1269,85.82560311192651,84.6755400302267
1270,85.76840511130386,84.6191084828124
1271,85.71124522997381,84.56271454389217
1272,85.65412344253194,84.50635818840202
1273,85.59703972359077,84.45003939129465
1274,85.53999404777977,84.39375812753953
1275,85.48298638974534,84.33751437212275
1276,85.42601672415068,84.28130810004707
1277,85.369085025676,84.22513928633194
1278,85.31219126901829,84.16900790601345
1279,85.25533542889141,84.11291393414427
1280,85.19851748002614,84.05685734579379
1281,85.14173739717003,84.00083811604796
1282,85.08499515508751,83.94485622000934
1283,85.02829072855981,83.88891163279712
1284,84.97162409238491,83.83300432954695
1285,84.9149952213777,83.77713428541124
1286,84.85840409036976,83.7213014755588
1287,84.80185067420946,83.66550587517506
1288,84.74533494776198,83.60974745946197
1289,84.6888568859092,83.55402620363802
1290,84.63241646354976,83.4983420829382
1291,84.57601365559904,83.44269507261401
1292,84.51964843698912,83.38708514793346
1293,84.46332078266877,83.33151228418102
1294,84.4070306676035,83.2759764566576
1295,84.35077806677546,83.22047764068067
1296,84.29456295518352,83.16501581158407
1297,84.23838530784316,83.10959094471806
1298,84.18224509978656,83.05420301544942
1299,84.12614230606249,82.99885199916126
1300,84.07007690173639,82.94353787125313
1301,84.01404886189029,82.88826060714096
1302,83.95805816162284,82.8330201822571
1303,83.9021047760493,82.77781657205024
1304,83.8461886803015,82.72264975198546
1305,83.7903098495278,82.66751969754414
1306,83.73446825889319,82.61242638422402
1307,83.6786638835792,82.55736978753924
1308,83.62289669878386,82.50234988302016
1309,83.56716667972177,82.4473666462135
1310,83.51147380162402,82.39242005268227
1311,83.45581803973823,82.33751007800575
1312,83.40019936932849,82.2826366977795
1313,83.3446177656754,82.22779988761535
1314,83.28907320407602,82.17299962314141
1315,83.23356565984388,82.11823588000198
1316,83.17809510830897,82.06350863385762
1317,83.12266152481767,82.00881786038512
1318,83.0672648847329,81.95416353527747
1319,83.01190516343387,81.89954563424385
1320,82.95658233631627,81.84496413300964
1321,82.9012963787922,81.79041900731639
1322,82.8460472662901,81.73591023292181
1323,82.79083497425482,81.68143778559981
1324,82.73565947814755,81.62700164114038
1325,82.68052075344586,81.5726017753497
1326,82.62541877564364,81.51823816405002
1327,82.57035352025113,81.46391078307977
1328,82.51532496279489,81.40961960829344
1329,82.46033307881775,81.3553646155616
1330,82.4053778438789,81.30114578077092
1331,82.35045923355378,81.24696307982416
1332,82.29557722343411,81.19281648864009
1333,82.24073178912789,81.13870598315359
1334,82.1859229062594,81.08463153931554
1335,82.1311505504691,81.03059313309282
1336,82.07641469741372,80.97659074046838
1337,82.02171532276623,80.92262433744116
1338,81.96705240221578,80.8686939000261
1339,81.91242591146776,80.8147994042541
1340,81.85783582624371,80.76094082617205
1341,81.80328212228139,80.70711814184283
1342,81.74876477533466,80.65333132734519
1343,81.69428376117366,80.59958035877393
1344,81.63983905558455,80.54586521223972
1345,81.58543063436969,80.49218586386914
1346,81.53105847334756,80.4385422898047
1347,81.47672254835277,80.38493446620484
1348,81.422422835236,80.33136236924385
1349,81.36815930986407,80.2778259751119
1350,81.31393194811982,80.22432526001501
1351,81.25974072590223,80.17086020017514
1352,81.2055856191263,80.11743077183
1353,81.1514666037231,80.0640369512332
1354,81.0973836556397,80.01067871465413
1355,81.04333675083929,79.95735603837804
1356,80.98932586530097,79.90406889870594
1357,80.93535097501994,79.85081727195468
1358,80.88141205600733,79.79760113445684
1359,80.82750908429031,79.74442046256083
1360,80.77364203591199,79.69127523263077
1361,80.71981088693146,79.63816542104658
1362,80.66601561342375,79.58509100420387
1363,80.61225619147987,79.53205195851405
1364,80.55853259720674,79.47904826040417
1365,80.50484480672719,79.42607988631705
1366,80.45119279618001,79.3731468127112
1367,80.39757654171983,79.32024901606079
1368,80.3439960195172,79.26738647285568
1369,80.2904512057586,79.21455915960144
1370,80.23694207664627,79.16176705281921
1371,80.18346860839843,79.10901012904588
1372,80.13003077724906,79.05628836483393
1373,80.07662855944801,79.0036017367514
1374,80.02326193126099,78.9509502213821
1375,79.96993086896947,78.89833379532529
1376,79.91663534887077,78.8457524351959
1377,79.86337534727798,78.79320611762446
1378,79.81015084052,78.74069481925703
1379,79.75696180494147,78.68821851675526
1380,79.70380821690283,78.63577718679633
1381,79.65069005278028,78.58337080607302
1382,79.59760728896572,78.53099935129359
1383,79.54455990186683,78.47866279918182
1384,79.49154786790699,78.42636112647703
1385,79.43857116352527,78.37409430993404
1386,79.38562976517649,78.32186232632313
1387,79.33272364933114,78.26966515243011
1388,79.2798527924754,78.21750276505622
1389,79.22701717111107,78.16537514101819
1390,79.17421676175569,78.11328225714816
1391,79.12145154094239,78.06122409029376
1392,79.06872148521997,78.00920061731803
1393,79.01602657115284,77.95721181509938
1394,78.96336677532105,77.90525766053175
1395,78.91074207432021,77.85333813052432
1396,78.85815244476163,77.80145320200182
1397,78.80559786327208,77.74960285190424
1398,78.75307830649399,77.69778705718697
1399,78.70059375108535,77.64600579482081
1400,78.64814417371964,77.5942590417918
1401,78.595729551086,77.54254677510144
1402,78.543349859889,77.49086897176649
1403,78.49100507684878,77.43922560881902
1404,78.438695178701,77.3876166633064
1405,78.38642014219681,77.33604211229138
1406,78.33417994410287,77.2845019328519
1407,78.28197456120131,77.23299610208122
1408,78.22980397028971,77.18152459708783
1409,78.17766814818118,77.13008739499556
1410,78.12556707170422,77.0786844729434
1411,78.0735007177028,77.02731580808559
1412,78.02146906303632,76.97598137759164
1413,77.9694720845796,76.92468115864624
1414,77.91750975922285,76.87341512844927
1415,77.86558206387174,76.82218326421587
1416,77.81368897544726,76.77098554317627
1417,77.76183047088584,76.71982194257598
1418,77.71000652713924,76.66869243967558
1419,77.6582171211746,76.61759701175086
1420,77.6064622299744,76.56653563609274
1421,77.55474183053646,76.51550829000728
1422,77.50305589987396,76.46451495081565
1423,77.45140441501533,76.41355559585413
1424,77.3997873530044,76.36263020247414
1425,77.34820469090025,76.31173874804219
1426,77.29665640577721,76.2608812099398
1427,77.24514247472497,76.21005756556366
1428,77.19366287484843,76.15926779232547
1429,77.14221758326777,76.10851186765198
1430,77.09080657711841,76.05778976898503
1431,77.03942983355104,76.00710147378146
1432,76.98808732973151,75.95644695951312
1433,76.93677904284097,75.9058262036669
1434,76.88550495007571,75.8552391837447
1435,76.83426502864724,75.80468587726337
1436,76.78305925578228,75.75416626175479
1437,76.73188760872269,75.7036803147658
1438,76.68075006472552,75.6532280138582
1439,76.62964660106297,75.60280933660873
1440,76.57857719502242,75.55242426060911
1441,76.5275418239063,75.50207276346596
1442,76.47654046503224,75.45175482280081
1443,76.42557309573301,75.40147041625019
1444,76.3746396933564,75.35121952146542
1445,76.32374023526536,75.30100211611281
1446,76.27287469883791,75.25081817787348
1447,76.22204306146713,75.20066768444347
1448,76.17124530056117,75.15055061353365
1449,76.12048139354329,75.10046694286982
1450,76.06975131785171,75.0504166501925
1451,76.01905505093976,75.00039971325717
1452,75.96839257027574,74.95041610983405
1453,75.917763853343,74.90046581770821
1454,75.86716887763988,74.85054881467951
1455,75.81660762067976,74.80066507856266
1456,75.76608005999093,74.75081458718705
1457,75.7155861731167,74.70099731839694
1458,75.66512593761536,74.65121325005131
1459,75.61469933106012,74.60146236002392
1460,75.56430633103915,74.55174462620323
1461,75.5139469151556,74.50206002649252
1462,75.46362106102745,74.45240853880969
1463,75.41332874628769,74.40279014108744
1464,75.36306994858417,74.35320481127314
1465,75.31284464557964,74.30365252732888
1466,75.26265281495176,74.25413326723141
1467,75.21249443439302,74.20464700897216
1468,75.16236948161084,74.15519373055726
1469,75.11227793432744,74.10577341000746
1470,75.06221977027991,74.05638602535817
1471,75.01219496722018,74.00703155465943
1472,74.962203502915,73.95770997597594
1473,74.91224535514596,73.908421267387
1474,74.8623205017094,73.8591654069865
1475,74.81242892041652,73.80994237288294
1476,74.7625705890933,73.76075214319945
1477,74.71274548558044,73.71159469607366
1478,74.6629535877335,73.66247000965787
1479,74.61319487342269,73.61337806211883
1480,74.56346932053304,73.5643188316379
1481,74.51377690696435,73.51529229641103
1482,74.46411761063104,73.46629843464858
1483,74.41449140946236,73.41733722457556
1484,74.36489828140219,73.3684086444314
1485,74.31533820440914,73.31951267247007
1486,74.26581115645652,73.27064928696001
1487,74.2163171155323,73.22181846618417
1488,74.16685605963913,73.17302018843996
1489,74.11742796679432,73.12425443203928
1490,74.06803281502984,73.07552117530844
1491,74.01867058239226,73.0268203965882
1492,73.96934124694282,72.97815207423379
1493,73.92004478675739,72.92951618661485
1494,73.87078117992641,72.8809127121154
1495,73.82155040455494,72.83234162913391
1496,73.77235243876264,72.78380291608322
1497,73.72318726068376,72.7352965513906
1498,73.6740548484671,72.68682251349763
1499,73.62495518027603,72.63838078086033
1500,73.57588823428847,72.589971331949
1501,73.5268539886969,72.54159414524837
1502,73.47785242170829,72.4932491992574
1503,73.42888351154421,72.44493647248953
1504,73.37994723644067,72.39665594347237
1505,73.3310435746482,72.34840759074793
1506,73.2821725044319,72.30019139287252
1507,73.23333400407122,72.25200732841667
1508,73.1845280518602,72.20385537596528
1509,73.13575462610731,72.15573551411748
1510,73.08701370513545,72.10764772148663
1511,73.03830526728198,72.0595919767004
1512,72.98962929089875,72.0115682584007
1513,72.94098575435196,71.96357654524364
1514,72.89237463602221,71.91561681589951
1515,72.84379591430466,71.86768904905298
1516,72.7952495676087,71.81979322340275
1517,72.74673557435818,71.77192931766179
1518,72.69825391299136,71.72409731055728
1519,72.6498045619608,71.67629718083053
1520,72.60138749973345,71.62852890723703
1521,72.55300270479064,71.58079246854645
1522,72.50465015562801,71.5330878435426
1523,72.45632983075552,71.4854150110234
1524,72.4080417086975,71.43777394980096
1525,72.35978576799252,71.39016463870142
1526,72.31156198719351,71.34258705656512
1527,72.26337034486771,71.29504118224648
1528,72.21521081959658,71.24752699461399
1529,72.16708338997587,71.2000444725502
1530,72.11898803461565,71.15259359495181
1531,72.0709247321402,71.10517434072952
1532,72.02289346118802,71.05778668880811
1533,71.97489420041191,71.01043061812639
1534,71.92692692847885,70.96310610763723
1535,71.87899162407004,70.9158131363075
1536,71.83108826588092,70.86855168311811
1537,71.78321683262111,70.82132172706399
1538,71.73537730301439,70.774123247154
1539,71.68756965579878,70.72695622241108
1540,71.6397938697264,70.67982063187208
1541,71.5920499235636,70.63271645458784
1542,71.54433779609084,70.58564366962322
1543,71.4966574661027,70.53860225605693
1544,71.44900891240796,70.4915921929817
1545,71.40139211382947,70.44461345950415
1546,71.3538070492042,70.39766603474487
1547,71.30625369738324,70.35074989783831
1548,71.25873203723177,70.30386502793286
1549,71.21124204762904,70.25701140419082
1550,71.16378370746837,70.2101890057883
1551,71.11635699565723,70.16339781191542
1552,71.06896189111701,70.11663780177605
1553,71.02159837278323,70.06990895458794
1554,70.97426641960548,70.02321124958277
1555,70.9269660105473,69.97654466600598
1556,70.87969712458629,69.92990918311683
1557,70.83245974071404,69.88330478018848
1558,70.7852538379362,69.83673143650785
1559,70.73807939527232,69.79018913137567
1560,70.69093639175603,69.7436778441065
1561,70.64382480643484,69.6971975540286
1562,70.59674461837028,69.65074824048412
1563,70.54969580663783,69.60432988282888
1564,70.5026783503269,69.55794246043253
1565,70.45569222854084,69.5115859526784
1566,70.40873742039692,69.4652603389636
1567,70.36181390502635,69.418965598699
1568,70.31492166157425,69.37270171130915
1569,70.26806066919956,69.32646865623228
1570,70.22123090707525,69.28026641292044
1571,70.17443235438805,69.23409496083924
1572,70.12766499033859,69.18795427946806
1573,70.0809287941414,69.14184434829991
1574,70.03422374502483,69.0957651468415
1575,69.98754982223106,69.04971665461316
1576,69.94090700501617,69.00369885114895
1577,69.89429527264997,68.95771171599647
1578,69.84771460441615,68.91175522871698
1579,69.80116497961222,68.86582936888543
1580,69.7546463775494,68.81993411609025
1581,69.7081587775528,68.77406944993359
1582,69.66170215896125,68.72823535003117
1583,69.61527650112735,68.68243179601225
1584,69.56888178341748,68.63665876751969
1585,69.52251798521179,68.59091624420995
1586,69.47618508590412,68.54520420575301
1587,69.42988306490207,68.49952263183239
1588,69.38361190162698,68.45387150214518
1589,69.33737157551387,68.40825079640199
1590,69.29116206601148,68.36266049432693
1591,69.24498335258228,68.31710057565768
1592,69.19883541470237,68.27157102014536
1593,69.15271823186156,68.22607180755462
1594,69.10663178356332,68.18060291766356
1595,69.0605760493248,68.13516433026385
1596,69.01455100867675,68.08975602516048
1597,68.96855664116363,68.04437798217204
1598,68.92259292634351,67.99903018113051
1599,68.876659843788,67.95371260188125
1600,68.83075737308248,67.90842522428318
1601,68.78488549382581,67.86316802820855
1602,68.73904418563048,67.81794099354303
1603,68.6932334281226,67.77274410018576
1604,68.6474532009418,67.72757732804918
1605,68.60170348374133,67.6824406570592
1606,68.555984256188,67.63733406715508
1607,68.51029549796212,67.59225753828943
1608,68.46463718875759,67.54721105042825
1609,68.41900930828184,67.50219458355087
1610,68.3734118362558,67.45720811764997
1611,68.3278447524139,67.41225163273155
1612,68.28230803650413,67.36732510881498
1613,68.23680166828797,67.3224285259329
1614,68.19132562754031,67.27756186413127
1615,68.14587989404963,67.23272510346936
1616,68.10046444761781,67.18791822401974
1617,68.05507926806015,67.14314120586815
1618,68.00972433520556,67.0983940291138
1619,67.96439962889622,67.053676673869
1620,67.91910512898782,67.00898912025939
1621,67.87384081534951,66.96433134842383
1622,67.82860666786378,66.91970333851441
1623,67.78340266642657,66.87510507069645
1624,67.73822879094722,66.83053652514853
1625,67.69308502134844,66.78599768206237
1626,67.64797133756633,66.74148852164295
1627,67.60288771955041,66.69700902410844
1628,67.55783414726345,66.65255916969012
1629,67.51281060068168,66.60813893863255
1630,67.46781705979461,66.56374831119336
1631,67.42285350460513,66.51938726764342
1632,67.37791991512941,66.47505578826667
1633,67.33301627139701,66.4307538533603
1634,67.28814255345073,66.38648144323449
1635,67.24329874134666,66.34223853821263
1636,67.19848481515427,66.2980251186312
1637,67.15370075495625,66.25384116483984
1638,67.10894654084854,66.20968665720116
1639,67.0642221529404,66.16556157609101
1640,67.01952757135433,66.12146590189819
1641,66.97486277622605,66.07739961502462
1642,66.93022774770455,66.03336269588532
1643,66.88562246595205,65.9893551249083
1644,66.84104691114395,65.94537688253462
1645,66.79650106346894,65.90142794921846
1646,66.75198490312883,65.8575083054269
1647,66.70749841033864,65.81361793164011
1648,66.66304156532664,65.76975680835126
1649,66.6186143483342,65.72592491606653
1650,66.5742167396159,65.68212223530506
1651,66.52984871943949,65.638348746599
1652,66.48551026808582,65.59460443049348
1653,66.44120136584888,65.55088926754651
1654,66.39692199303592,65.50720323832924
1655,66.35267212996713,65.46354632342558
1656,66.30845175697594,65.41991850343247
1657,66.26426085440885,65.37631975895977
1658,66.22009940262545,65.33275007063027
1659,66.17596738199842,65.28920941907964
1660,66.13186477291354,65.2456977849565
1661,66.08779155576967,65.20221514892236
1662,66.04374771097866,65.15876149165155
1663,65.99973321896552,65.11533679383137
1664,65.95574806016823,65.07194103616197
1665,65.9117922150378,65.0285741993563
1666,65.86786566403836,64.98523626414026
1667,65.82396838764696,64.94192721125249
1668,65.7801003663537,64.89864702144456
1669,65.73626158066169,64.85539567548082
1670,65.69245201108703,64.81217315413846
1671,65.64867163815875,64.76897943820742
1672,65.60492044241897,64.72581450849056
1673,65.56119840442271,64.68267834580345
1674,65.51750550473791,64.63957093097443
1675,65.47384172394553,64.59649224484465
1676,65.43020704263944,64.55344226826807
1677,65.38660144142642,64.51042098211131
1678,65.34302490092625,64.46742836725385
1679,65.29947740177157,64.42446440458784
1680,65.2559589246079,64.38152907501815
1681,65.2124694500937,64.33862235946245
1682,65.16900895890036,64.2957442388511
1683,65.12557743171207,64.25289469412714
1684,65.08217484922592,64.21007370624629
1685,65.03880119215191,64.16728125617708
1686,64.9954564412128,64.12451732490055
1687,64.95214057714432,64.0817818934106
1688,64.90885358069492,64.03907494271361
1689,64.86559543262598,63.996396453828794
1690,64.82236611371161,63.953746407787875
1691,64.77916560473881,63.91112478563531
1692,64.73599388650736,63.86853156842816
1693,64.69285093982978,63.825966737236065
1694,64.6497367455315,63.78343027314138
1695,64.60665128445059,63.740922157238955
1696,64.56359453743798,63.698442370636315
1697,64.52056648535735,63.655990894453566
1698,64.47756710908511,63.61356770982338
1699,64.43459638951042,63.57117279789098
1700,64.39165430753519,63.52880613981422
1701,64.34874084407404,63.48646771676346
1702,64.30585598005432,63.444157509921595
1703,64.2629996964161,63.40187550048413
1704,64.22017197411213,63.359621669659035
1705,64.17737279410788,63.31739599866684
1706,64.13460213738149,63.275198468740584
1707,64.09185998492376,63.233029061125784
1708,64.04914631773819,63.1908877570805
1709,64.00646111684092,63.148774537875255
1710,63.96380436326079,63.1066893847931
1711,63.92117603803917,63.06463227912945
1712,63.87857612223019,63.02260320219231
1713,63.836004596900544,62.98060213530208
1714,63.79346144312953,62.938629059791594
1715,63.75094664200911,62.89668395700619
1716,63.7084601746438,62.85476680830357
1717,63.666002022150714,62.8128775950539
1718,63.623572165659596,62.77101629863976
1719,63.58117058631271,62.729182900456124
1720,63.53879726526489,62.687377381910345
1721,63.49645218368358,62.64559972442222
1722,63.454135322748726,62.60384990942389
1723,63.41184666365284,62.56212791835989
1724,63.36958618760096,62.52043373268711
1725,63.32735387581066,62.4787673338748
1726,63.28514970951198,62.43712870340452
1727,63.242973669947574,62.39551782277028
1728,63.200825738372515,62.35393467347833
1729,63.15870589605436,62.31237923704723
1730,63.1166141242732,62.27085149500794
1731,63.07455040432159,62.22935142890368
1732,63.03251471750452,62.18787902028996
1733,62.99050704513947,62.14643425073461
1734,62.948527368556384,62.10501710181773
1735,62.9065756690976,62.063627555131696
1736,62.86465192811792,62.022265592281144
1737,62.82275612698459,61.980931194883
1738,62.78088824707723,61.9396243445664
1739,62.7390482697879,61.89834502297275
1740,62.697236176521066,61.85709321175569
1741,62.65545194869355,61.815868892581065
1742,62.61369556773461,61.77467204712697
1743,62.57196701508584,61.73350265708369
1744,62.53026627220121,61.692360704153714
1745,62.48859332054707,61.65124617005174
1746,62.44694814160211,61.61015903650464
1747,62.405330716857335,61.56909928525145
1748,62.36374102781615,61.52806689804341
1749,62.32217905599421,61.48706185664389
1750,62.28064478291954,61.44608414282842
1751,62.23913819013247,61.4051337383847
1752,62.19765925918562,61.364210625112534
1753,62.15620797164391,61.323314784823886
1754,62.114784309084534,61.2824461993428
1755,62.07338825309701,61.24160485050551
1756,62.03201978528303,61.20079072016024
1757,61.990678887256664,61.16000379016743
1758,61.949365540644166,61.11924404239954
1759,61.90807972708402,61.0785114587411
1760,61.866821428227006,61.03780602108876
1761,61.82559062573609,60.997127711351226
1762,61.78438730128646,60.956476511449225
1763,61.74321143656554,60.91585240331556
1764,61.70206301327295,60.87525536889509
1765,61.66094201312047,60.83468539014466
1766,61.619848417832145,60.794142449033195
1767,61.57878220914412,60.75362652754159
1768,61.53774336880476,60.71313760766278
1769,61.496731878574586,60.67267567140169
1770,61.45574772022625,60.63224070077522
1771,61.41479087554457,60.59183267781227
1772,61.37386132632653,60.55145158455375
1773,61.3329590543812,60.511097403052496
1774,61.29208404152977,60.47077011537327
1775,61.25123626960561,60.4304697035929
1776,61.21041572045414,60.390196149800055
1777,61.16962237593286,60.349949436095365
1778,61.12885621791144,60.30972954459143
1779,61.08811722827158,60.26953645741274
1780,61.047405388907016,60.229370156695666
1781,61.00672068172365,60.189230624588554
1782,60.966063088639366,60.1491178432516
1783,60.92543259158412,60.1090317948569
1784,60.884829172499934,60.06897246158844
1785,60.844252813340816,60.02893982564205
1786,60.80370349607283,59.988933869225455
1787,60.763181202674076,59.94895457455824
1788,60.72268591513463,59.909001923871834
1789,60.682217615456594,59.86907589940948
1790,60.641776285654046,59.82917648342628
1791,60.60136190775308,59.78930365818919
1792,60.560974463791716,59.74945740597691
1793,60.52061393582002,59.709637709080035
1794,60.48028030589996,59.6698445498009
1795,60.43997355610545,59.630077910453636
1796,60.39969366852244,59.59033777336424
1797,60.359440625248695,59.55062412087037
1798,60.319214408394004,59.510936935321524
1799,60.27901500008005,59.47127619907898
1800,60.238842382440424,59.43164189451572
1801,60.19869653762061,59.3920340040165
1802,60.158577447778036,59.352452509977816
1803,60.118485095081994,59.3128973948079
1804,60.07841946171363,59.27336864092667
1805,60.03838052986603,59.23386623076583
1806,59.9983682817441,59.19439014676873
1807,59.9583826995646,59.15494037139044
1808,59.91842376555619,59.11551688709774
1809,59.878491461959335,59.07611967636908
1810,59.83858577102632,59.036748721694565
1811,59.79870667502131,58.99740400557602
1812,59.75885415622025,58.9580855105269
1813,59.71902819691092,58.91879321907231
1814,59.67922877939286,58.879527113749
1815,59.639455885977476,58.84028717710538
1816,59.59970949898792,58.801073391701486
1817,59.5599896007591,58.76188574010893
1818,59.52029617363777,58.722724204911025
1819,59.480629199982374,58.68358876870261
1820,59.44098866216315,58.64447941409016
1821,59.4013745425621,58.605396123691776
1822,59.361786823572935,58.56633888013706
1823,59.32222548760111,58.52730766606726
1824,59.28269051706382,58.48830246413517
1825,59.24318189438995,58.449323257005126
1826,59.20369960202011,58.41037002735304
1827,59.164243622406644,58.3714427578664
1828,59.12481393801353,58.33254143124415
1829,59.08541053131646,58.293666030196825
1830,59.04603338480284,58.25481653744648
1831,59.0066824809717,58.21599293572668
1832,58.96735780233372,58.177195207782454
1833,58.92805933141131,58.1384233363704
1834,58.88878705073846,58.09967730425856
1835,58.84954094286081,58.06095709422648
1836,58.810320990335676,58.02226268906518
1837,58.77112717573194,57.98359407157714
1838,58.731959481630135,57.94495122457629
1839,58.692817890622415,57.90633413088808
1840,58.6537023853125,57.86774277334931
1841,58.6146129483157,57.829177134808276
1842,58.57554956225898,57.790637198124706
1843,58.53651220978079,57.75212294616973
1844,58.49750087353121,57.71363436182589
1845,58.45851553617189,57.67517142798719
1846,58.41955618037598,57.63673412755894
1847,58.380622788828205,57.59832244345791
1848,58.34171534422487,57.55993635861226
1849,58.30283382927377,57.52157585596151
1850,58.2639782266942,57.4832409184565
1851,58.22514851921704,57.44493152905954
1852,58.18634468958462,57.40664767074419
1853,58.14756672055079,57.36838932649541
1854,58.10881459488092,57.330156479309515
1855,58.070088295351816,57.291949112194104
1856,58.03138780475179,57.253767208168114
1857,57.99271310588065,57.215610750261845
1858,57.95406418154961,57.177479721516846
1859,57.91544101458138,57.139374104986
1860,57.87684358781012,57.10129388373347
1861,57.838271884081415,57.06323904083472
1862,57.79972588625226,57.025209559376485
1863,57.761205577191134,56.987205422456775
1864,57.72271093977787,56.94922661318485
1865,57.68424195690375,56.91127311468124
1866,57.645798611471456,56.87334491007774
1867,57.60738088639504,56.83544198251735
1868,57.56898876459997,56.79756431515433
1869,57.53062222902307,56.75971189115417
1870,57.49228126261258,56.721884693693575
1871,57.45396584832802,56.68408270596042
1872,57.41567596914033,56.64630591115385
1873,57.377411608031814,56.608554292484186
1874,57.339172747996045,56.5708278331729
1875,57.300959372038015,56.53312651645271
1876,57.26277146317399,56.49545032556746
1877,57.224609004431535,56.45779924377216
1878,57.186471978849596,56.420173254333015
1879,57.14836036947837,56.38257234052736
1880,57.11027415937934,56.344996485643655
1881,57.072213331625335,56.30744567298156
1882,57.034177869300414,56.26991988585179
1883,56.996167755499926,56.23241910757623
1884,56.958182973330494,56.19494332148787
1885,56.920223505909995,56.1574925109308
1886,56.88228933636752,56.120066659260196
1887,56.84438044784349,56.08266574984239
1888,56.80649682348948,56.04528976605472
1889,56.76863844646831,56.00793869128564
1890,56.73080529995408,55.97061250893469
1891,56.692997367132016,55.93331120241245
1892,56.65521463119858,55.896034755140526
1893,56.6174570753615,55.85878315055166
1894,56.5797246828396,55.821556372089546
1895,56.54201743686292,55.78435440320896
1896,56.504335320672716,55.7471772273757
1897,56.46667831752136,55.71002482806657
1898,56.42904641067239,55.67289718876938
1899,56.39143958340055,55.63579429298298
1900,56.35385781899167,55.598716124217184
1901,56.31630110074274,55.56166266599279
1902,56.2787694119619,55.52463390184162
1903,56.2412627359684,55.48762981530643
1904,56.20378105609258,55.45065038994094
1905,56.166324355675954,55.4136956093099
1906,56.12889261807107,55.37676545698892
1907,56.091485826641595,55.3398599165646
1908,56.05410396476231,55.3029789716345
1909,56.01674701581905,55.26612260580708
1910,55.9794149632087,55.229290802701705
1911,55.94210779033927,55.192483545948726
1912,55.904825480629775,55.155700819189335
1913,55.86756801751028,55.11894260607564
1914,55.83033538442197,55.08220889027072
1915,55.793127564816956,55.04549965544841
1916,55.755944542158446,55.008814885293525
1917,55.71878629992065,54.97215456350172
1918,55.6816528215888,54.93551867377951
1919,55.64454409065911,54.89890719984428
1920,55.607460090638824,54.86232012542427
1921,55.57040080504617,54.825757434258556
1922,55.53336621741033,54.78921911009704
1923,55.4963563112715,54.75270513670046
1924,55.45937107018085,54.71621549784043
1925,55.42241047770046,54.679750177299276
1926,55.38547451740342,54.64330915887022
1927,55.34856317287375,54.60689242635725
1928,55.3116764277064,54.57049996357514
1929,55.27481426550727,54.534131754349474
1930,55.23797666989315,54.49778778251658
1931,55.2011636244918,54.46146803192361
1932,55.16437511294187,54.42517248642845
1933,55.12761111889289,54.38890112989972
1934,55.0908716260053,54.35265394621683
1935,55.05415661795047,54.31643091926993
1936,55.01746607841059,54.280232032959894
1937,54.980799991078754,54.2440572711983
1938,54.94415833965894,54.20790661790751
1939,54.90754110786597,54.17178005702056
1940,54.870948279425505,54.13567757248121
1941,54.83437983807404,54.099599148243854
1942,54.797835767558986,54.0635447682737
1943,54.76131605163851,54.02751441654655
1944,54.724820674081606,53.99150807704891
1945,54.68834961866814,53.95552573377799
1946,54.65190286918874,53.91956737074161
1947,54.61548040944484,53.883632971958285
1948,54.57908222324869,53.84772252145716
1949,54.54270829442331,53.811836003278046
1950,54.50635860680252,53.77597340147137
1951,54.470033144230904,53.74013470009821
1952,54.4337318905638,53.70431988323025
1953,54.3974548296673,53.66852893494976
1954,54.361201945418316,53.63276183934971
1955,54.32497322170441,53.59701858053357
1956,54.288768642423946,53.56129914261547
1957,54.252588191486,53.525603509720085
1958,54.21643185281035,53.489931665982695
1959,54.18029961032753,53.45428359554914
1960,54.14419144797877,53.41865928257586
1961,54.10810734971599,53.3830587112298
1962,54.072047299501804,53.34748186568848
1963,54.036011281309534,53.31192873013999
1964,53.99999927912318,53.27639928878293
1965,53.96401127693736,53.2408935258264
1966,53.92804725875747,53.20541142549013
1967,53.89210720859947,53.16995297200424
1968,53.856191110489995,53.134518149609434
1969,53.82029894846635,53.09910694255691
1970,53.78443070657646,53.06371933510834
1971,53.74858636887887,53.02835531153589
1972,53.71276591944279,52.99301485612226
1973,53.67696934234799,52.957697953160526
1974,53.641196621684884,52.92240458695431
1975,53.605447741554514,52.88713474181768
1976,53.56972268606845,52.85188840207514
1977,53.53402143934891,52.816665552061636
1978,53.49834398552867,52.781466176122585
1979,53.46269030875109,52.74629025861383
1980,53.427060393170066,52.71113778390159
1981,53.39145422295012,52.67600873636259
1982,53.35587178226625,52.64090310038388
1983,53.320313055304034,52.60582086036296
1984,53.28477802625964,52.57076200070776
1985,53.24926667933968,52.53572650583653
1986,53.21377899876133,52.50071436017793
1987,53.178314968752304,52.46572554817102
1988,53.14287457355081,52.430760054265235
1989,53.10745779740556,52.395817862920325
1990,53.07206462457575,52.36089895860644
1991,53.03669503933111,52.32600332580407
1992,53.00134902595178,52.29113094900403
1993,52.966026568728466,52.256281812707506
1994,52.93072765196227,52.221455901425976
1995,52.89545225996479,52.18665319968127
1996,52.86020037705808,52.1518736920055
