ell,camb_te,grhe_te
2,299.50041643528164,294.82820993889123
3,299.25093671923804,294.58262210641794
4,299.001664816357,294.33723884522186
5,298.752600553533,294.0920599848979
6,298.50374375780467,293.8470853551829
7,298.25509425635494,293.6023147859558
8,298.0066518765103,293.3577481072368
9,297.75841644574155,293.113385149188
10,297.51038779166277,292.86922574211286
11,297.262565742032,292.62526971645633
12,297.01495012475044,292.3815169028044
13,296.76754076786284,292.1379671318842
14,296.5203374995572,291.8946202345641
15,296.27334014816444,291.6514760418531
16,296.0265485421587,291.40853438490103
17,295.77996251015696,291.16579509499854
18,295.5335818809188,290.9232580035765
19,295.2874064833466,290.68092294220645
20,295.04143614648524,290.4387897426001
21,294.79567069952196,290.19685823660944
22,294.55010997178624,289.9551282562264
23,294.30475379274986,289.713599633583
24,294.05960199202656,289.47227220095095
25,293.81465439937205,289.23114579074183
26,293.56991084468376,288.9902202355067
27,293.3253711580009,288.7494953679361
28,293.0810351695043,288.50897102086003
29,292.83690270951604,288.2686470272476
30,292.5929736084998,288.0285232202072
31,292.3492476970603,287.7885994329862
32,292.1057248059435,287.5488754989708
33,291.8624047660362,287.30935125168605
34,291.6192874083662,287.0700265247957
35,291.37637256410187,286.8309011521019
36,291.13366006455243,286.5919749675454
37,290.89114974116757,286.35324780520534
38,290.6488414255372,286.1147194992989
39,290.4067349493918,285.8763898841813
40,290.16483014460175,285.638258794346
41,289.92312684317767,285.4003260644241
42,289.68162487726994,285.16259152918457
43,289.44032407916893,284.9250550235339
44,289.1992242813046,284.68771638251627
45,288.95832531624654,284.4505754413131
46,288.7176270167038,284.2136320352432
47,288.4771292155247,283.97688599976254
48,288.236831745697,283.7403371704641
49,287.9967344403473,283.5039853830779
50,287.75683713274145,283.2678304734707
51,287.5171396562841,283.0318722776461
52,287.2776418445186,282.7961106317441
53,287.038343531127,282.5605453720414
54,286.79924454993,282.3251763349511
55,286.56034473488654,282.09000335702234
56,286.321643920094,281.85502627494054
57,286.08314193978794,281.62024492552723
58,285.8448386283419,281.3856591457398
59,285.6067338202675,281.15126877267136
60,285.3688273502142,280.91707364355085
61,285.13111905296915,280.6830735957428
62,284.8936087634571,280.4492684667472
63,284.6562963167404,280.2156580941993
64,284.4191815480187,279.9822423158696
65,284.1822642926289,279.7490209696639
66,283.9455443860451,279.51599389362286
67,283.7090216638787,279.2831609259222
68,283.47269596187755,279.05052190487226
69,283.2365671159266,278.8180766689182
70,283.0006349620476,278.5858250566397
71,282.76489933639874,278.35376690675093
72,282.5293600752746,278.1219020581003
73,282.29401701510636,277.89023034967073
74,282.0588699924612,277.6587516205788
75,281.82391884404274,277.4274657100757
76,281.5891634066903,277.196372457546
77,281.35460351737936,276.96547170250824
78,281.120239013221,276.73476328461476
79,280.8860697314622,276.50424704365145
80,280.6520955094853,276.27392281953735
81,280.41831618480825,276.04379045232525
82,280.18473159508426,275.813849782201
83,279.95134157810185,275.58410064948345
84,279.7181459717845,275.3545428946247
85,279.48514461419086,275.1251763582095
86,279.25233734351445,274.8960008809556
87,279.0197239980836,274.66701630371347
88,278.78730441636105,274.43822246746583
89,278.55507843694454,274.2096192133282
90,278.32304589856585,273.98120638254824
91,278.0912066400914,273.752983816506
92,277.8595605005216,273.5249513567135
93,277.62810731899106,273.29710884481483
94,277.39684693476846,273.0694561225861
95,277.16577918725625,272.8419930319351
96,276.93490391599073,272.6147194149013
97,276.70422096064186,272.38763511365585
98,276.47373016101307,272.16073997050125
99,276.24343135704135,271.93403382787153
100,276.013324388797,271.7075165283318
101,275.78340909648335,271.48118791457824
102,275.55368532043724,271.2550478294384
103,275.324152901128,271.0290961158704
104,275.0948116791583,270.8033326169634
105,274.8656614952633,270.57775717593717
106,274.6367021903109,270.3523696361421
107,274.40793360530165,270.12716984105896
108,274.17935558136844,269.9021576342991
109,273.95096795977656,269.67733285960406
110,273.7227705819233,269.4526953608453
111,273.4947632893385,269.2282449820248
112,273.26694592368364,269.0039815672742
113,273.0393183267522,268.7799049608549
114,272.81188034046943,268.5560150071581
115,272.58463180689233,268.33231155070484
116,272.3575725682094,268.10879443614533
117,272.1307024667405,267.88546350825936
118,271.9040213449371,267.6623186119561
119,271.6775290453817,267.4393595922737
120,271.45122541078786,267.21658629437957
121,271.2251102840004,266.99399856356996
122,270.99918350799487,266.7715962452702
123,270.7734449258777,266.549379185034
124,270.54789438088585,266.32734722854406
125,270.3225317163872,266.1055002216115
126,270.0973567758797,265.88383801017596
127,269.8723694029919,265.66236044030524
128,269.6475694414827,265.4410673581956
129,269.4229567352408,265.21995861017103
130,269.19853112828525,264.999034042684
131,268.97429246476486,264.77829350231457
132,268.7502405889585,264.55773683577075
133,268.52637534527435,264.3373638898881
134,268.3026965782506,264.1171745116299
135,268.0792041325547,263.8971685480869
136,267.85589785298356,263.677345846477
137,267.6327775844633,263.4577062541457
138,267.4098431720494,263.2382496185655
139,267.18709446092623,263.0189757873358
140,266.96453129640713,262.7998846081832
141,266.7421535239344,262.58097592896104
142,266.51996098907904,262.3622495976494
143,266.2979535375406,262.143705462355
144,266.07613101514727,261.925343371311
145,265.85449326785556,261.707163172877
146,265.6330401417505,261.4891647155392
147,265.4117714830451,261.27134784790957
148,265.1906871380805,261.05371241872643
149,264.969786953326,260.8362582768541
150,264.74907077537864,260.6189852712827
151,264.52853845096325,260.40189325112823
152,264.30818982693245,260.1849820656323
153,264.08802475026636,259.9682515641622
154,263.86804306807244,259.7517015962105
155,263.64824462758577,259.53533201139544
156,263.4286292761684,259.31914265946017
157,263.20919686130975,259.10313339027334
158,262.98994723062617,258.8873040538284
159,262.77088023186093,258.6716545002439
160,262.55199571288426,258.45618457976326
161,262.3332935216929,258.2408941427545
162,262.1147735064103,258.0257830397103
163,261.89643551528656,257.8108511212481
164,261.67827939669803,257.59609823810956
165,261.46030499914735,257.38152424116066
166,261.24251217126346,257.1671289813918
167,261.02490076180123,256.95291230991717
168,260.8074706196418,256.73887407797537
169,260.59022159379174,256.5250141369286
170,260.3731535333839,256.3113323382631
171,260.1562662876765,256.09782853358877
172,259.93955970605333,255.8845025746389
173,259.7230336380237,255.67135431327054
174,259.5066879332224,255.45838360146413
175,259.29052244140917,255.2455902913232
176,259.07453701246925,255.03297423507473
177,258.85873149641264,254.82053528506862
178,258.64310574337435,254.60827329377773
179,258.4276596036144,254.39618811379805
180,258.2123929275173,254.18427959784808
181,257.9973055655924,253.97254759876918
182,257.78239736847337,253.7609919695252
183,257.5676681869184,253.5496125632025
184,257.35311787181,253.3384092330098
185,257.138746274155,253.1273818322782
186,256.92455324508404,252.91653021446075
187,256.7105386358521,252.70585423313284
188,256.4967022978378,252.49535374199158
189,256.2830440825439,252.28502859485621
190,256.06956384159633,252.07487864566744
191,255.85626142674505,251.86490374848785
192,255.6431366898634,251.65510375750156
193,255.43018948294807,251.4454785270141
194,255.21741965811904,251.2360279114524
195,255.00482706761943,251.0267517653646
196,254.7924115638156,250.8176499434201
197,254.58017299919663,250.60872230040917
198,254.36811122637477,250.39996869124334
199,254.15622609808474,250.19138897095465
200,253.94451746718423,249.98298299469616
201,253.73298518665322,249.77475061774146
202,253.5216291095944,249.56669169548474
203,253.3104490892326,249.35880608344058
204,253.0994449789151,249.15109363724403
205,252.88861663211122,248.9435542126503
206,252.6779639024124,248.73618766553477
207,252.467486643532,248.52899385189292
208,252.25718470930522,248.32197262784007
209,252.0470579536891,248.11512384961156
210,251.8371062307622,247.90844737356232
211,251.62732939472477,247.70194305616707
212,251.41772729989844,247.49561075402005
213,251.20829980072617,247.28945032383484
214,250.99904675177217,247.08346162244453
215,250.78996800772182,246.87764450680137
216,250.5810634233816,246.67199883397686
217,250.3723328536788,246.46652446116144
218,250.1637761536617,246.2612212456646
219,249.95539317849915,246.0560890449146
220,249.7471837834808,245.8511277164585
221,249.5391478240168,245.64633711796213
222,249.3312851556377,245.44171710720974
223,249.12359563399443,245.23726754210412
224,248.91607911485812,245.03298828066636
225,248.7087354541201,244.82887918103583
226,248.5015645077917,244.62494010147017
227,248.2945661320042,244.42117090034495
228,248.0877401830087,244.21757143615378
229,247.88108651717607,244.01414156750815
230,247.67460499099684,243.8108811531373
231,247.468295461081,243.60779005188814
232,247.2621577841581,243.40486812272525
233,247.0561918170769,243.2021152247305
234,246.85039741680552,242.99953121710337
235,246.64477444043115,242.79711595916044
236,246.43932274516007,242.59486931033558
237,246.23404218831743,242.3927911301797
238,246.02893262734733,242.19088127836073
239,245.82399391981258,241.98913961466351
240,245.61922592339454,241.7875659989896
241,245.4146284958933,241.5861602913574
242,245.21020149522727,241.38492235190174
243,245.00594477943324,241.1838520408741
244,244.80185820666628,240.9829492186423
245,244.59794163519956,240.78221374569046
246,244.39419492342435,240.58164548261894
247,244.1906179298499,240.38124429014425
248,243.98721051310326,240.18101002909887
249,243.7839725319293,239.9809425604312
250,243.58090384519048,239.78104174520553
251,243.37800431186693,239.58130744460183
252,243.17527379105613,239.38173951991567
253,242.97271214197303,239.18233783255826
254,242.77031922394977,238.98310224405617
255,242.56809489643572,238.78403261605135
256,242.36603901899736,238.585128810301
257,242.16415145131802,238.38639068867747
258,241.96243205319806,238.1878181131682
259,241.76088068455454,237.9894109458755
260,241.55949720542117,237.79116904901662
261,241.35828147594836,237.59309228492359
262,241.15723335640294,237.39518051604307
263,240.95635270716815,237.19743360493635
264,240.75563938874356,236.99985141427916
265,240.55509326174484,236.80243380686164
266,240.35471418690392,236.60518064558823
267,240.15450202506864,236.40809179347758
268,239.95445663720272,236.21116711366238
269,239.75457788438578,236.01440646938937
270,239.55486562781311,235.81780972401924
271,239.35531972879565,235.62137674102644
272,239.15594004875985,235.4251073839992
273,238.95672644924755,235.2290015166393
274,238.75767879191605,235.03305900276217
275,238.5587969385377,234.83727970629653
276,238.36008075100023,234.64166349128465
277,238.1615300913061,234.44621022188176
278,237.96314482157302,234.2509197623565
279,237.76492480403343,234.0557919770905
280,237.5668699010345,233.86082673057837
281,237.36897997503812,233.66602388742754
282,237.17125488862067,233.4713833123582
283,236.9736945044731,233.2769048702033
284,236.7762986854007,233.08258842590845
285,236.579067294323,232.8884338445316
286,236.38200019427376,232.6944409912431
287,236.18509724840084,232.5006097313258
288,235.98835831996604,232.3069399301746
289,235.7917832723451,232.11343145329653
290,235.59537196902758,231.92008416631077
291,235.39912427361674,231.72689793494834
292,235.20304004982944,231.5338726250521
293,235.0071191614961,231.34100810257678
294,234.81136147256044,231.1483042335885
295,234.61576684707975,230.95576088426532
296,234.42033514922431,230.76337792089643
297,234.22506624327772,230.5711552098826
298,234.02995999363654,230.3790926177358
299,233.83501626481032,230.18719001107928
300,233.64023492142147,229.9954472566473
301,233.44561582820512,229.80386422128512
302,233.25115885000918,229.61244077194905
303,233.05686385179402,229.42117677570604
304,232.86273069863256,229.23007209973392
305,232.6687592557101,229.03912661132105
306,232.4749493883243,228.84834017786645
307,232.28130096188485,228.65771266687946
308,232.0878138419138,228.46724394597996
309,231.89448789404497,228.27693388289788
310,231.7013229840243,228.08678234547352
311,231.50831897770948,227.8967892016572
312,231.3154757410699,227.7069543195092
313,231.12279314018664,227.51727756719976
314,230.93027104125235,227.32775881300884
315,230.73790931057115,227.13839792532625
316,230.54570781455845,226.94919477265137
317,230.353666419741,226.76014922359303
318,230.1617849927567,226.57126114686972
319,229.97006340035458,226.38253041130906
320,229.7785015093946,226.19395688584805
321,229.58709918684772,226.00554043953292
322,229.39585629979555,225.81728094151876
323,229.20477271543064,225.62917826106994
324,229.01384830105596,225.44123226755949
325,228.82308292408516,225.25344283046945
326,228.63247645204223,225.06580981939038
327,228.44202875256155,224.8783331040216
328,228.2517396933879,224.69101255417104
329,228.06160914237591,224.50384803975487
330,227.87163696749053,224.3168394307977
331,227.6818230368067,224.12998659743252
332,227.49216721850908,223.94328940990036
333,227.3026693808923,223.7567477385504
334,227.11332939236064,223.57036145383984
335,226.92414712142795,223.38413042633368
336,226.73512243671763,223.19805452670485
337,226.5462552069626,223.01213362573398
338,226.357545301005,222.82636759430932
339,226.16899258779628,222.64075630342668
340,225.98059693639703,222.45529962418925
341,225.792358215977,222.26999742780777
342,225.6042762958148,222.0848495856001
343,225.41635104529797,221.89985596899135
344,225.22858233392287,221.71501644951368
345,225.04097003129456,221.53033089880637
346,224.8535140071267,221.34579918861553
347,224.66621413124147,221.16142119079413
348,224.4790702735696,220.9771967773019
349,224.29208230414991,220.79312582020518
350,224.10525009312977,220.60920819167697
351,223.91857351076453,220.4254437639966
352,223.73205242741767,220.24183240954997
353,223.5456867135606,220.05837400082908
354,223.35947623977282,219.87506841043236
355,223.17342087674135,219.6919155110642
356,222.98752049526112,219.50891517553507
357,222.8017749662347,219.32606727676145
358,222.61618416067202,219.14337168776555
359,222.43074794969064,218.96082828167548
360,222.24546620451537,218.77843693172494
361,222.06033879647833,218.59619751125328
362,221.87536559701883,218.41410989370536
363,221.69054647768326,218.2321739526314
364,221.505881310125,218.05038956168707
365,221.3213699661043,217.86875659463308
366,221.13701231748834,217.68727492533554
367,220.9528082362509,217.5059444277654
368,220.7687575944725,217.32476497599873
369,220.58486026434022,217.14373644421653
370,220.4011161181475,216.96285870670442
371,220.21752502829432,216.78213163785293
372,220.03408686728676,216.6015551121571
373,219.85080150773732,216.42112900421662
374,219.6676688223644,216.2408531887355
375,219.48468868399254,216.06072754052227
376,219.30186096555218,215.88075193448958
377,219.11918554007968,215.70092624565444
378,218.93666228071703,215.52125034913786
379,218.75429106071198,215.34172412016488
380,218.5720717534179,215.1623474340646
381,218.39000423229348,214.9831201662697
382,218.20808837090303,214.80404219231696
383,218.02632404291603,214.62511338784654
384,217.84471112210727,214.44633362860242
385,217.66324948235666,214.2677027904319
386,217.48193899764917,214.08922074928586
387,217.3007795420747,213.91088738121834
388,217.11977098982814,213.73270256238683
389,216.938913215209,213.55466616905176
390,216.75820609262166,213.37677807757677
391,216.57764949657502,213.19903816442846
392,216.3972433016826,213.02144630617636
393,216.21698738266227,212.84400237949274
394,216.0368816143363,212.66670626115265
395,215.85692587163123,212.4895578280338
396,215.67712002957785,212.31255695711644
397,215.49746396331093,212.1357035254833
398,215.31795754806927,211.9589974103194
399,215.1386006591957,211.78243848891225
400,214.95939317213677,211.60602663865146
401,214.78033496244288,211.42976173702877
402,214.60142590576797,211.253643661638
403,214.42266587786972,211.07767229017497
404,214.24405475460912,210.90184750043724
405,214.06559241195075,210.7261691703243
406,213.88727872596235,210.55063717783736
407,213.70911357281503,210.3752514010791
408,213.5310968287829,210.2000117182539
409,213.3532283702433,210.0249180076675
410,213.1755080736764,209.84997014772708
411,212.99793581566536,209.675168016941
412,212.82051147289607,209.5005114939189
413,212.64323492215718,209.32600045737155
414,212.46610604034,209.15163478611072
415,212.2891247044383,208.97741435904908
416,212.11229079154842,208.80333905520027
417,211.935604178869,208.62940875367866
418,211.75906474370103,208.4556233336993
419,211.58267236344759,208.28198267457782
420,211.40642691561402,208.10848665573045
421,211.23032827780764,207.93513515667385
422,211.05437632773777,207.76192805702507
423,210.87857094321544,207.58886523650128
424,210.70291200215365,207.41594657492007
425,210.52739938256698,207.24317195219896
426,210.35203296257174,207.07054124835562
427,210.17681262038556,206.89805434350757
428,210.0017382343277,206.72571111787218
429,209.82680968281875,206.55351145176678
430,209.6520268443805,206.38145522560816
431,209.47738959763598,206.20954231991286
432,209.3028978213093,206.0377726152969
433,209.12855139422567,205.86614599247577
434,208.95435019531112,205.69466233226427
435,208.7802941035926,205.52332151557658
436,208.6063829981978,205.35212342342592
437,208.43261675835515,205.18106793692482
438,208.25899526339367,205.01015493728474
439,208.08551839274276,204.83938430581597
440,207.91218602593244,204.6687559239279
441,207.73899804259304,204.4982696731286
442,207.565954322455,204.32792543502472
443,207.39305474534922,204.15772309132177
444,207.2202991912064,203.9876625238236
445,207.04768754005747,203.81774361443257
446,206.87521967203324,203.64796624514952
447,206.70289546736424,203.47833029807336
448,206.530714806381,203.30883565540148
449,206.35867756951362,203.1394821994292
450,206.18678363729168,202.97026981254993
451,206.0150328903444,202.80119837725505
452,205.84342520940052,202.6322677761339
453,205.67196047528796,202.46347789187348
454,205.50063856893402,202.29482860725867
455,205.32945937136506,202.1263198051718
456,205.15842276370674,201.95795136859292
457,204.9875286271836,201.78972318059954
458,204.8167768431191,201.62163512436646
459,204.64616729293564,201.45368708316585
460,204.47569985815437,201.28587894036718
461,204.3053744203951,201.11821057943695
462,204.13519086137632,200.95068188393887
463,203.9651490629149,200.78329273753343
464,203.7952489069263,200.61604302397828
465,203.6254902754243,200.4489326271277
466,203.45587305052098,200.28196143093285
467,203.28639711442656,200.1151293194415
468,203.11706234944938,199.948436176798
469,202.94786863799595,199.78188188724323
470,202.77881586257053,199.61546633511443
471,202.60990390577535,199.44918940484527
472,202.44113265031052,199.2830509809657
473,202.2725019789737,199.11705094810173
474,202.1040117746603,198.9511891909756
475,201.93566192036317,198.7854655944055
476,201.76745229917273,198.61988004330564
477,201.5993827942767,198.45443242268598
478,201.43145328896014,198.28912261765237
479,201.26366366660537,198.12395051340633
480,201.0960138106918,197.958915995245
481,200.92850360479588,197.79401894856107
482,200.76113293259112,197.62925925884272
483,200.59390167784784,197.46463681167342
484,200.4268097244332,197.30015149273206
485,200.2598569563112,197.13580318779276
486,200.09304325754232,196.97159178272466
487,199.92636851228377,196.80751716349215
488,199.75983260478912,196.64357921615442
489,199.5934354194085,196.47977782686576
490,199.42717684058832,196.31611288187514
491,199.26105675287113,196.15258426752635
492,199.0950750408958,195.98919187025786
493,198.9292315893973,195.8259355766027
494,198.76352628320646,195.66281527318844
495,198.5979590072502,195.49983084673713
496,198.43252964655125,195.33698218406505
497,198.26723808622805,195.1742691720829
498,198.10208421149486,195.01169169779556
499,197.93706790766143,194.84924964830194
500,197.77218906013314,194.68694291079507
501,197.60744755441073,194.52477137256193
502,197.44284327609037,194.36273492098337
503,197.2783761108636,194.20083344353415
504,197.11404594451702,194.03906682778256
505,196.9498526629325,193.87743496139078
506,196.78579615208693,193.71593773211438
507,196.62187629805214,193.55457502780254
508,196.4580929869949,193.3933467363978
509,196.29444610517683,193.23225274593608
510,196.1309355389542,193.0712929445465
511,195.96756117477798,192.91046722045147
512,195.80432289919383,192.7497754619664
513,195.64122059884176,192.58921755749984
514,195.47825416045632,192.4287933955532
515,195.31542347086634,192.26850286472083
516,195.15272841699496,192.10834585368985
517,194.99016888585948,191.94832225124009
518,194.82774476457135,191.78843194624406
519,194.66545594033602,191.6286748276668
520,194.50330230045293,191.46905078456587
521,194.34128373231533,191.30955970609122
522,194.1794001234104,191.1502014814852
523,194.01765136131888,190.99097600008233
524,193.85603733371528,190.83188315130934
525,193.69455792836763,190.67292282468512
526,193.53321303313743,190.5140949098205
527,193.3720025359796,190.3553992964183
528,193.21092632494242,190.19683587427332
529,193.0499842881674,190.038404533272
530,192.8891763138892,189.88010516339256
531,192.7285022904357,189.7219376547049
532,192.56796210622758,189.56390189737044
533,192.4075556497787,189.40599778164216
534,192.2472828096956,189.24822519786437
535,192.0871434746778,189.09058403647282
536,191.92713753351734,188.9330741879945
537,191.76726487509896,188.77569554304742
538,191.6075253884,188.61844799234098
539,191.4479189624903,188.46133142667546
540,191.288445486532,188.3043457369421
541,191.12910484977962,188.14749081412307
542,190.96989694157998,187.99076654929135
543,190.810821651372,187.8341728336106
544,190.6518788686867,187.6777095583352
545,190.4930684831472,187.52137661481012
546,190.33439038446846,187.36517389447076
547,190.17584446245738,187.20910128884304
548,190.01743060701256,187.05315868954318
549,189.8591487081244,186.89734598827766
550,189.7009986558749,186.74166307684328
551,189.5429803404377,186.5861098471269
552,189.38509365207779,186.4306861911054
553,189.22733848115163,186.27539200084567
554,189.069714718107,186.12022716850456
555,188.912222253483,185.96519158632867
556,188.75486097790983,185.81028514665445
557,188.59763078210878,185.65550774190788
558,188.44053155689224,185.50085926460474
559,188.28356319316353,185.3463396073502
560,188.12672558191682,185.1919486628389
561,187.97001861423712,185.03768632385504
562,187.81344218130013,184.88355248327187
563,187.65699617437218,184.729547034052
564,187.50068048481023,184.5756698692472
565,187.3444950040617,184.42192088199835
566,187.1884396236645,184.26829996553533
567,187.03251423524674,184.1148070131769
568,186.87671873052693,183.96144191833073
569,186.72105300131378,183.8082045744933
570,186.56551693950604,183.65509487524974
571,186.41011043709253,183.5021127142739
572,186.25483338615211,183.34925798532814
573,186.09968567885352,183.19653058226342
574,185.94466720745518,183.0439303990189
575,185.78977786430545,182.89145732962228
576,185.63501754184225,182.7391112681895
577,185.48038613259317,182.58689210892473
578,185.3258835291752,182.43479974612006
579,185.17150962429494,182.28283407415594
580,185.01726431074823,182.13099498750057
581,184.8631474814203,181.97928238071015
582,184.70915902928553,181.82769614842869
583,184.5552988474075,181.67623618538795
584,184.4015668289389,181.52490238640746
585,184.24796286712134,181.37369464639426
586,184.0944868552854,181.22261286034296
587,183.94113868685048,181.0716569233356
588,183.78791825532483,180.92082673054176
589,183.63482545430531,180.77012217721816
590,183.48186017747759,180.61954315870895
591,183.32902231861567,180.46908957044528
592,183.17631177158216,180.3187613079455
593,183.0237284303281,180.16855826681498
594,182.8712721888928,180.01848034274607
595,182.71894294140384,179.86852743151795
596,182.56674058207707,179.71869942899667
597,182.4146650052164,179.56899623113503
598,182.26271610521368,179.41941773397235
599,182.11089377654898,179.26996383363482
600,181.95919791379004,179.12063442633493
601,181.8076284115925,178.97142940837168
602,181.6561851646998,178.82234867613047
603,181.504868067943,178.6733921260831
604,181.3536770162407,178.52455965478737
605,181.20261190459922,178.37585115888749
606,181.05167262811216,178.2272665351136
607,180.9008590819606,178.07880568028202
608,180.75017116141288,177.93046849129485
609,180.59960876182467,177.7822548651402
610,180.44917177863866,177.6341646988919
611,180.29886010738474,177.48619788970956
612,180.14867364367976,177.33835433483836
613,179.99861228322766,177.1906339316093
614,179.8486759218191,177.04303657743873
615,179.69886445533163,176.89556216982848
616,179.54917777972943,176.74821060636566
617,179.39961579106347,176.60098178472288
618,179.25017838547123,176.4538756026579
619,179.10086545917676,176.3068919580136
620,178.9516769084905,176.16003074871804
621,178.8026126298093,176.01329187278427
622,178.65367251961626,175.86667522831027
623,178.50485647448076,175.72018071347887
624,178.35616439105831,175.57380822655782
625,178.2075961660905,175.42755766589949
626,178.05915169640502,175.28142892994111
627,177.91083087891536,175.1354219172043
628,177.76263361062095,174.98953652629527
629,177.614559788607,174.84377265590476
630,177.46660931004453,174.69813020480785
631,177.3187820721901,174.55260907186394
632,177.17107797238586,174.40720915601665
633,177.02349690805957,174.26193035629385
634,176.87603877672439,174.1167725718075
635,176.7287034759788,173.97173570175352
636,176.58149090350656,173.82681964541186
637,176.43440095707678,173.68202430214637
638,176.28743353454368,173.5373495714048
639,176.1405885338465,173.3927953527185
640,175.99386585300954,173.2483615457026
641,175.847265390142,173.1040480500558
642,175.7007870434381,172.9598547655605
643,175.55443071117674,172.81578159208237
644,175.40819629172154,172.6718284295707
645,175.26208368352073,172.5279951780578
646,175.11609278510736,172.38428173765968
647,174.97022349509876,172.24068800857523
648,174.8244757121969,172.09721389108662
649,174.67884933518795,171.95385928555902
650,174.5333442629425,171.8106240924406
651,174.38796039441536,171.66750821226248
652,174.24269762864546,171.5245115456386
653,174.09755586475595,171.38163399326575
654,173.95253500195392,171.23887545592345
655,173.80763493953037,171.0962358344737
656,173.66285557686032,170.9537150298613
657,173.5181968134025,170.81131294311345
658,173.37365854869944,170.66902947533973
659,173.22924068237734,170.52686452773227
660,173.084943114146,170.38481800156532
661,172.9407657437988,170.24288979819556
662,172.79670847121253,170.10107981906162
663,172.6527711963474,169.95938796568439
664,172.508953819247,169.81781413966678
665,172.36525624003812,169.67635824269354
666,172.22167835893077,169.53502017653148
667,172.07822007621817,169.39379984302917
668,171.93488129227634,169.25269714411684
669,171.79166190756456,169.11171198180656
670,171.64856182262488,168.97084425819193
671,171.5055809380823,168.83009387544823
672,171.36271915464445,168.689460735832
673,171.21997637310182,168.54894474168142
674,171.0773524943274,168.4085457954159
675,170.9348474192769,168.2682637995362
676,170.7924610489884,168.1280986566242
677,170.65019328458249,167.988050269343
678,170.50804402726217,167.8481185404369
679,170.36601317831253,167.70830337273085
680,170.22410063910115,167.5686046691312
681,170.08230631107756,167.42902233262475
682,169.9406300957736,167.28955626627953
683,169.79907189480286,167.15020637324395
684,169.6576316098611,167.01097255674728
685,169.51630914272593,166.8718547200994
686,169.37510439525667,166.73285276669068
687,169.23401726939449,166.59396659999194
688,169.09304766716224,166.45519612355451
689,168.9521954906643,166.31654124100996
690,168.8114606420867,166.17800185607015
691,168.6708430236969,166.03957787252725
692,168.53034253784375,165.9012691942534
693,168.38995908695745,165.7630757252009
694,168.24969257354948,165.6249973694021
695,168.1095429002126,165.48703403096928
696,167.96950996962062,165.34918561409455
697,167.8295936845284,165.21145202304976
698,167.68979394777188,165.07383316218665
699,167.55011066226785,164.93632893593647
700,167.41054373101412,164.7989392488103
701,167.27109305708913,164.66166400539856
702,167.13175854365218,164.52450311037123
703,166.99254009394315,164.38745646847764
704,166.85343761128254,164.25052398454653
705,166.7144509990714,164.1137055634859
706,166.5755801607913,163.97700111028297
707,166.43682500000415,163.8404105300041
708,166.29818542035213,163.70393372779463
709,166.15966132555775,163.56757060887907
710,166.0212526194238,163.43132107856079
711,165.882959205833,163.29518504222202
712,165.74478098874837,163.1591624053239
713,165.60671787221273,163.0232530734062
714,165.46876976034895,162.88745695208752
715,165.33093655735968,162.75177394706486
716,165.19321816752745,162.61620396411402
717,165.05561449521448,162.48074690908913
718,164.91812544486265,162.3454026879228
719,164.78075092099348,162.210171206626
720,164.64349082820794,162.0750523712879
721,164.50634507118653,161.94004608807603
722,164.3693135546891,161.80515226323598
723,164.232396183555,161.67037080309157
724,164.09559286270257,161.53570161404443
725,163.9589034971296,161.4011446025744
726,163.82232799191283,161.266699675239
727,163.6858662522082,161.13236673867377
728,163.5495181832506,160.9981456995919
729,163.4132836903539,160.8640364647844
730,163.2771626789107,160.73003894111972
731,163.14115505439264,160.59615303554412
732,163.00526072234993,160.46237865508127
733,162.86947958841148,160.32871570683227
734,162.73381155828486,160.19516409797563
735,162.59825653775613,160.06172373576715
736,162.46281443268987,159.92839452753992
737,162.32748514902903,159.7951763807042
738,162.192268592795,159.6620692027474
739,162.05716467008727,159.52907290123392
740,161.92217328708378,159.39618738380528
741,161.7872943500405,159.26341255817988
742,161.65252776529144,159.1307483321529
743,161.51787343924872,158.99819461359644
744,161.38333127840235,158.86575131045927
745,161.24890118932032,158.73341833076694
746,161.11458307864837,158.60119558262147
747,160.98037685311002,158.4690829742015
748,160.84628241950657,158.33708041376227
749,160.71229968471675,158.2051878096352
750,160.5784285556971,158.07340507022823
751,160.44466893948146,157.94173210402556
752,160.31102074318127,157.81016881958766
753,160.1774838739853,157.67871512555112
754,160.04405823915954,157.54737093062866
755,159.91074374604736,157.41613614360904
756,159.77754030206916,157.28501067335688
757,159.6444478147226,157.15399442881295
758,159.51146619158234,157.02308731899367
759,159.37859534030002,156.89228925299136
760,159.2458351686042,156.76160013997398
761,159.11318558430028,156.6310198891852
762,158.98064649527055,156.50054840994434
763,158.84821780947394,156.37018561164615
764,158.71589943494607,156.23993140376092
765,158.5836912797992,156.10978569583435
766,158.4515932522221,155.97974839748744
767,158.31960526048,155.8498194184165
768,158.18772721291455,155.7199986683931
769,158.05595901794385,155.59028605726394
770,157.92430058406214,155.4606814949508
771,157.79275181983996,155.33118489145048
772,157.66131263392398,155.20179615683477
773,157.52998293503703,155.07251520125047
774,157.39876263197786,154.943341934919
775,157.2676516336213,154.81427626813684
776,157.13664984891804,154.68531811127494
777,157.00575718689458,154.55646737477903
778,156.87497355665326,154.42772396916948
779,156.74429886737212,154.29908780504113
780,156.6137330283048,154.17055879306326
781,156.48327594878063,154.04213684397965
782,156.35292753820437,153.91382186860838
783,156.2226877060563,153.78561377784183
784,156.09255636189206,153.65751248264655
785,155.96253341534268,153.52951789406333
786,155.83261877611446,153.40162992320708
787,155.70281235398883,153.2738484812666
788,155.5731140588225,153.14617347950488
789,155.4435238005472,153.0186048292587
790,155.3140414891697,152.89114244193868
791,155.18466703477168,152.76378622902925
792,155.05540034750976,152.63653610208863
793,154.92624133761547,152.50939197274866
794,154.79718991539497,152.3823537527148
795,154.6682459912292,152.25542135376605
796,154.53940947557388,152.12859468775494
797,154.4106802789591,152.00187366660734
798,154.28205831198957,151.87525820232256
799,154.15354348534456,151.74874820697318
800,154.0251357097776,151.62234359270508
801,153.89683489611664,151.49604427173722
802,153.76864095526386,151.36985015636176
803,153.6405537981957,151.24376115894384
804,153.51257333596274,151.11777719192173
805,153.38469947968966,150.9918981678065
806,153.25693214057517,150.8661239991822
807,153.12927122989194,150.74045459870564
808,153.00171665898654,150.61488987910636
809,152.87426833927938,150.48942975318664
810,152.74692618226476,150.36407413382145
811,152.61969009951054,150.23882293395818
812,152.4925600026584,150.11367606661693
813,152.36553580342343,149.98863344489004
814,152.23861741359448,149.86369498194242
815,152.11180474503377,149.73886059101125
816,151.98509770967686,149.6141301854059
817,151.85849621953284,149.48950367850813
818,151.73200018668396,149.3649809837717
819,151.60560952328578,149.24056201472254
820,151.4793241415669,149.11624668495847
821,151.35314395382926,148.99203490814952
822,151.22706887244766,148.86792659803749
823,151.10109880986997,148.743921668436
824,150.97523367861695,148.62002003323053
825,150.8494733912823,148.4962216063783
826,150.72381786053245,148.37252630190815
827,150.59826699910658,148.24893403392053
828,150.47282071981667,148.12544471658754
829,150.34747893554717,148.00205826415265
830,150.2222415592552,147.87877459093082
831,150.09710850397033,147.7555936113084
832,149.97207968279466,147.63251523974307
833,149.84715500890255,147.50953939076368
834,149.7223343955408,147.38666597897037
835,149.59761775602837,147.26389491903433
836,149.4730050037565,147.1412261256979
837,149.34849605218858,147.01865951377445
838,149.22409081486,146.8961949981482
839,149.0997892053783,146.77383249377442
840,148.97559113742287,146.65157191567909
841,148.85149652474502,146.529413178959
842,148.72750528116796,146.40735619878174
843,148.6036173205867,146.28540089038555
844,148.47983255696784,146.16354716907915
845,148.3561509043498,146.04179495024195
846,148.23257227684252,145.9201441493238
847,148.1090965886275,145.79859468184492
848,147.9857237539577,145.67714646339596
849,147.86245368715757,145.55579940963793
850,147.73928630262293,145.43455343630202
851,147.61622151482078,145.3134084591896
852,147.49325923828954,145.19236439417222
853,147.37039938763866,145.0714211571915
854,147.24764187754886,144.9505786642591
855,147.12498662277184,144.82983683145662
856,147.00243353813033,144.7091955749355
857,146.87998253851802,144.58865481091715
858,146.75763353889946,144.46821445569262
859,146.6353864543101,144.34787442562288
860,146.51324119985614,144.22763463713838
861,146.39119769071442,144.10749500673927
862,146.26925584213254,143.98745545099527
863,146.1474155694287,143.86751588654562
864,146.0256767879915,143.74767623009885
865,145.90403941328017,143.627936398433
866,145.78250336082428,143.50829630839542
867,145.66106854622385,143.38875587690276
868,145.53973488514904,143.26931502094072
869,145.41850229334045,143.14997365756435
870,145.29737068660873,143.03073170389763
871,145.1763399808347,142.9115890771337
872,145.05541009196932,142.7925456945346
873,144.93458093603343,142.67360147343132
874,144.81385242911787,142.55475633122364
875,144.69322448738345,142.43601018538027
876,144.57269702706074,142.3173629534386
877,144.4522699644501,142.1988145530047
878,144.33194321592163,142.08036490175326
879,144.21171669791508,141.9620139174276
880,144.0915903269398,141.84376151783957
881,143.97156401957474,141.7256076208694
882,143.85163769246824,141.60755214446576
883,143.7318112623381,141.48959500664566
884,143.6120846459716,141.37173612549446
885,143.49245776022522,141.25397541916573
886,143.37293052202472,141.13631280588115
887,143.25350284836503,141.01874820393056
888,143.1341746563103,140.90128153167188
889,143.01494586299376,140.78391270753107
890,142.89581638561756,140.66664165000194
891,142.77678614145293,140.54946827764627
892,142.65785504784,140.43239250909372
893,142.53902302218768,140.31541426304156
894,142.42028998197372,140.19853345825493
895,142.30165584474466,140.08175001356665
896,142.18312052811567,139.96506384787708
897,142.06468394977048,139.84847488015407
898,141.94634602746157,139.73198302943317
899,141.82810667900978,139.61558821481722
900,141.7099658223044,139.49929035547646
901,141.59192337530322,139.3830893706485
902,141.4739792560323,139.2669851796382
903,141.35613338258602,139.15097770181768
904,141.2383856731269,139.03506685662614
905,141.12073604588574,138.91925256356993
906,141.00318441916139,138.80353474222247
907,140.88573071132078,138.68791331222417
908,140.76837484079883,138.57238819328236
909,140.6511167260984,138.45695930517127
910,140.53395628579023,138.3416265677319
911,140.41689343851291,138.2263899008721
912,140.29992810297276,138.1112492245664
913,140.1830601979439,137.99620445885597
914,140.06628964226803,137.88125552384867
915,139.9496163548545,137.76640233971878
916,139.83304025468016,137.65164482670716
917,139.7165612607894,137.5369829051211
918,139.60017929229403,137.42241649533426
919,139.4838942683732,137.30794551778658
920,139.36770610827344,137.19356989298439
921,139.25161473130854,137.07928954150012
922,139.13562005685947,136.96510438397246
923,139.01972200437433,136.8510143411061
924,138.90392049336842,136.73701933367187
925,138.78821544342398,136.62311928250656
926,138.6726067741903,136.50931410851294
927,138.55709440538357,136.3956037326596
928,138.44167825678684,136.281988075981
929,138.32635824825002,136.16846705957732
930,138.21113429968975,136.0550406046146
931,138.0960063310894,135.9417086323244
932,137.98097426249905,135.82847106400408
933,137.86603801403524,135.7153278210163
934,137.75119750588112,135.60227882478938
935,137.63645265828637,135.48932399681712
936,137.52180339156706,135.37646325865862
937,137.40724962610562,135.2636965319384
938,137.29279128235086,135.1510237383462
939,137.17842828081777,135.038444799637
940,137.06416054208762,134.92595963763105
941,136.94998798680777,134.81356817421357
942,136.83591053569177,134.701270331335
943,136.72192810951913,134.58906603101065
944,136.60804062913542,134.4769551953209
945,136.49424801545206,134.36493774641102
946,136.3805501894464,134.25301360649107
947,136.26694707216166,134.14118269783594
948,136.15343858470675,134.02944494278532
949,136.04002464825632,133.91780026374352
950,135.9267051840507,133.8062485831795
951,135.8134801133958,133.69478982362682
952,135.7003493576631,133.58342390768357
953,135.5873128382896,133.47215075801228
954,135.47437047677766,133.36097029733995
955,135.36152219469514,133.2498824484579
956,135.24876791367512,133.1388871342218
957,135.13610755541603,133.02798427755155
958,135.02354104168148,132.91717380143126
959,134.91106829430032,132.80645562890925
960,134.79868923516648,132.69582968309788
961,134.6864037862389,132.5852958871736
962,134.57421186954156,132.47485416437672
963,134.46211340716346,132.36450443801172
964,134.35010832125838,132.25424663144676
965,134.23819653404504,132.14408066811396
966,134.12637796780692,132.03400647150914
967,134.01465254489224,131.92402396519194
968,133.90302018771385,131.81413307278552
969,133.79148081874933,131.70433371797685
970,133.68003436054073,131.5946258245163
971,133.5686807356947,131.48500931621786
972,133.45741986688233,131.37548411695897
973,133.34625167683913,131.26605015068046
974,133.23517608836497,131.1567073413865
975,133.12419302432397,131.04745561314454
976,133.01330240764457,130.93829489008533
977,132.90250416131946,130.82922509640287
978,132.79179820840534,130.72024615635422
979,132.6811844720231,130.61135799425955
980,132.57066287535758,130.502560534502
981,132.46023334165776,130.3938537015279
982,132.3498957942364,130.2852374198463
983,132.23965015647025,130.17671161402933
984,132.1294963517998,130.06827620871172
985,132.0194343037293,129.95993112859114
986,131.90946393582686,129.85167629842798
987,131.7995851717241,129.7435116430452
988,131.68979793511633,129.6354370873285
989,131.58010214976244,129.52745255622617
990,131.47049773948478,129.41955797474884
991,131.36098462816915,129.31175326796972
992,131.25156273976478,129.20403836102446
993,131.14223199828427,129.09641317911104
994,131.03299232780347,128.98887764748974
995,130.9238436524615,128.8814316914831
996,130.81478589646068,128.7740752364759
997,130.7058189840664,128.66680820791498
998,130.59694283960724,128.55963053130938
999,130.48815738747476,128.45254213223015
1000,130.37946255212347,128.34554293631035
1001,130.27085825807086,128.23863286924495
1002,130.16234442989727,128.13181185679088
1003,130.05392099224588,128.02507982476686
1004,129.94558786982265,127.91843669905342
1005,129.83734498739616,127.8118824055928
1006,129.72919226979784,127.705416870389
1007,129.6211296419216,127.59904001950764
1008,129.51315702872392,127.49275177907583
1009,129.4052743552238,127.38655207528232
1010,129.29748154650278,127.28044083437734
1011,129.18977852770465,127.17441798267247
1012,129.08216522403572,127.06848344654077
1013,128.9746415607645,126.96263715241658
1014,128.86720746322175,126.8568790267955
1015,128.75986285680048,126.7512089962344
1016,128.65260766695582,126.6456269873513
1017,128.54544181920497,126.54013292682538
1018,128.43836523912722,126.43472674139684
1019,128.33137785236383,126.32940835786697
1020,128.22447958461802,126.224177703098
1021,128.1176703616548,126.11903470401299
1022,128.01095010930118,126.01397928759609
1023,127.90431875344584,125.90901138089208
1024,127.79777622003921,125.80413091100661
1025,127.69132243509343,125.69933780510597
1026,127.58495732468224,125.5946319904172
1027,127.47868081494099,125.49001339422792
1028,127.37249283206653,125.38548194388629
1029,127.26639330231723,125.28103756680109
1030,127.16038215201283,125.17668019044143
1031,127.05445930753447,125.07240974233694
1032,126.94862469532465,124.9682261500776
1033,126.84287824188706,124.86412934131363
1034,126.73721987378669,124.76011924375563
1035,126.63164951764965,124.65619578517432
1036,126.5261671001632,124.55235889340067
1037,126.42077254807566,124.44860849632569
1038,126.31546578819636,124.3449445219005
1039,126.21024674739559,124.24136689813622
1040,126.10511535260457,124.13787555310395
1041,126.0000715308154,124.03447041493469
1042,125.89511520908098,123.93115141181933
1043,125.79024631451496,123.82791847200853
1044,125.6854647742917,123.72477152381276
1045,125.58077051564625,123.62171049560217
1046,125.47616346587427,123.51873531580664
1047,125.37164355233195,123.41584591291557
1048,125.26721070243603,123.31304221547803
1049,125.1628648436637,123.21032415210254
1050,125.05860590355252,123.1076916514571
1051,124.95443380970048,123.00514464226916
1052,124.85034848976582,122.90268305332548
1053,124.74634987146709,122.8003068134722
1054,124.64243788258298,122.6980158516147
1055,124.53861245095243,122.59581009671757
1056,124.43487350447441,122.49368947780462
1057,124.331220971108,122.39165392395871
1058,124.22765477887225,122.28970336432185
1059,124.12417485584622,122.18783772809502
1060,124.0207811301688,122.08605694453817
1061,123.91747353003883,121.98436094297024
1062,123.81425198371491,121.88274965276896
1063,123.71111641951538,121.78122300337094
1064,123.60806676581834,121.67978092427158
1065,123.50510295106155,121.57842334502499
1066,123.4022249037423,121.47715019524392
1067,123.29943255241751,121.3759614045998
1068,123.19672582570365,121.27485690282268
1069,123.09410465227654,121.17383661970104
1070,122.9915689608715,121.07290048508192
1071,122.8891186802832,120.97204842887079
1072,122.78675373936558,120.87128038103148
1073,122.68447406703187,120.77059627158619
1074,122.58227959225454,120.66999603061537
1075,122.48017024406518,120.56947958825776
1076,122.37814595155453,120.46904687471029
1077,122.27620664387236,120.36869782022795
1078,122.1743522502275,120.26843235512396
1079,122.07258269988773,120.16825040976948
1080,121.97089792217973,120.06815191459373
1081,121.86929784648909,119.96813680008387
1082,121.7677824022602,119.86820499678494
1083,121.66635151899618,119.76835643529985
1084,121.56500512625894,119.66859104628931
1085,121.46374315366901,119.56890876047179
1086,121.36256553090564,119.46930950862352
1087,121.26147218770653,119.36979322157832
1088,121.16046305386797,119.27035983022763
1089,121.05953805924474,119.17100926552054
1090,120.95869713375004,119.07174145846353
1091,120.85794020735541,118.97255634012068
1092,120.75726721009079,118.87345384161338
1093,120.65667807204436,118.77443389412048
1094,120.55617272336256,118.67549642887812
1095,120.45575109425,118.57664137717971
1096,120.35541311496942,118.47786867037591
1097,120.25515871584166,118.37917823987453
1098,120.15498782724563,118.2805700171406
1099,120.0549003796182,118.18204393369616
1100,119.9548963034542,118.08359992112032
1101,119.85497552930636,117.98523791104918
1102,119.75513798778518,117.88695783517574
1103,119.65538360955911,117.78875962525
1104,119.55571232535424,117.69064321307872
1105,119.45612406595441,117.59260853052552
1106,119.3566187622011,117.49465550951076
1107,119.25719634499339,117.3967840820115
1108,119.15785674528792,117.29899418006143
1109,119.05859989409886,117.20128573575093
1110,118.95942572249785,117.10365868122689
1111,118.86033416161395,117.00611294869277
1112,118.76132514263354,116.90864847040847
1113,118.66239859680034,116.81126517869026
1114,118.5635544554154,116.71396300591093
1115,118.46479264983694,116.61674188449949
1116,118.36611311148033,116.51960174694125
1117,118.26751577181817,116.42254252577781
1118,118.16900056238003,116.32556415360692
1119,118.07056741475259,116.22866656308246
1120,117.97221626057947,116.13184968691444
1121,117.8739470315613,116.03511345786895
1122,117.7757596594555,115.938457808768
1123,117.67765407607644,115.84188267248965
1124,117.57963021329522,115.74538798196782
1125,117.4816880030397,115.64897367019228
1126,117.38382737729445,115.55263967020866
1127,117.28604826810071,115.45638591511835
1128,117.18835060755634,115.36021233807847
1129,117.09073432781568,115.26411887230176
1130,116.9931993610897,115.1681054510567
1131,116.89574563964572,115.07217200766726
1132,116.7983730958076,114.97631847551301
1133,116.70108166195548,114.88054478802898
1134,116.60387127052591,114.78485087870571
1135,116.50674185401161,114.68923668108903
1136,116.4096933449616,114.59370212878021
1137,116.31272567598108,114.49824715543579
1138,116.21583877973141,114.40287169476761
1139,116.11903258893001,114.30757568054271
1140,116.02230703635037,114.21235904658332
1141,115.92566205482193,114.11722172676672
1142,115.82909757723013,114.02216365502535
1143,115.7326135365163,113.92718476534665
1144,115.63620986567763,113.83228499177307
1145,115.53988649776711,113.73746426840195
1146,115.44364336589358,113.64272252938565
1147,115.34748040322143,113.54805970893118
1148,115.25139754297086,113.45347574130052
1149,115.15539471841765,113.35897056081035
1150,115.0594718628932,113.26454410183207
1151,114.9636289097844,113.17019629879178
1152,114.86786579253362,113.0759270861701
1153,114.77218244463867,112.98173639850232
1154,114.67657879965284,112.88762417037826
1155,114.58105479118467,112.7935903364422
1156,114.48561035289804,112.69963483139283
1157,114.39024541851211,112.60575758998333
1158,114.29495992180118,112.51195854702108
1159,114.19975379659478,112.41823763736791
1160,114.10462697677757,112.32459479593984
1161,114.00957939628923,112.23102995770712
1162,113.9146109891245,112.13754305769416
1163,113.8197216893331,112.0441340309795
1164,113.72491143101965,111.95080281269576
1165,113.63018014834371,111.85754933802956
1166,113.53552777551967,111.76437354222156
1167,113.44095424681669,111.67127536056636
1168,113.34645949655874,111.57825472841243
1169,113.25204345912442,111.4853115811621
1170,113.15770606894708,111.39244585427151
1171,113.0634472605146,111.29965748325057
1172,112.96926696836947,111.20694640366291
1173,112.87516512710873,111.11431255112583
1174,112.78114167138385,111.02175586131027
1175,112.68719653590081,110.92927626994076
1176,112.59332965541986,110.83687371279532
1177,112.4995409647557,110.7445481257055
1178,112.4058303987773,110.65229944455638
1179,112.31219789240784,110.56012760528628
1180,112.2186433806248,110.46803254388706
1181,112.1251667984597,110.37601419640373
1182,112.03176808099828,110.2840724989347
1183,111.9384471633803,110.19220738763157
1184,111.84520398079957,110.1004187986991
1185,111.75203846850388,110.00870666839523
1186,111.65895056179497,109.91707093303097
1187,111.56594019602842,109.82551152897038
1188,111.47300730661371,109.73402839263053
1189,111.3801518290141,109.64262146048148
1190,111.28737369874665,109.55129066904621
1191,111.19467285138205,109.46003595490049
1192,111.10204922254476,109.36885725467307
1193,111.00950274791276,109.27775450504532
1194,110.9170333632177,109.1867276427515
1195,110.8246410042447,109.09577660457849
1196,110.7323256068324,109.00490132736583
1197,110.6400871068729,108.91410174800569
1198,110.54792544031167,108.82337780344281
1199,110.45584054314756,108.73272943067447
1200,110.3638323514327,108.64215656675036
1201,110.27190080127252,108.55165914877267
1202,110.18004582882566,108.46123711389598
1203,110.08826737030395,108.37089039932722
1204,109.9965653619723,108.28061894232555
1205,109.90493974014885,108.19042268020253
1206,109.81339044120462,108.10030155032183
1207,109.7219174015637,108.01025549009931
1208,109.63052055770318,107.92028443700302
1209,109.539199846153,107.83038832855301
1210,109.447955203496,107.74056710232146
1211,109.35678656636784,107.65082069593251
1212,109.265693871457,107.56114904706227
1213,109.17467705550462,107.47155209343875
1214,109.08373605530456,107.3820297728418
1215,108.99287080770338,107.29258202310322
1216,108.90208124960017,107.20320878210642
1217,108.81136731794669,107.11390998778673
1218,108.72072894974711,107.02468557813107
1219,108.63016608205808,106.93553549117799
1220,108.53967865198878,106.84645966501776
1221,108.44926659670065,106.75745803779213
1222,108.35892985340762,106.66853054769446
1223,108.26866835937572,106.57967713296946
1224,108.1784820519235,106.49089773191349
1225,108.08837086842146,106.4021922828741
1226,107.9983347462924,106.31356072425024
1227,107.90837362301129,106.22500299449231
1228,107.81848743610504,106.13651903210182
1229,107.72867612315278,106.0481087756316
1230,107.63893962178548,105.95977216368563
1231,107.54927786968612,105.87150913491902
1232,107.45969080458961,105.78331962803802
1233,107.3701783642827,105.69520358179989
1234,107.28074048660397,105.60716093501296
1235,107.19137710944378,105.51919162653645
1236,107.10208817074421,105.4312955952806
1237,107.01287360849908,105.3434727802065
1238,106.92373336075379,105.25572312032604
1239,106.83466736560543,105.16804655470199
1240,106.74567556120256,105.08044302244781
1241,106.65675788574538,104.99291246272776
1242,106.56791427748546,104.9054548147567
1243,106.47914467472582,104.8180700178001
1244,106.39044901582095,104.73075801117415
1245,106.3018272391766,104.64351873424545
1246,106.2132792832499,104.55635212643121
1247,106.12480508654919,104.46925812719903
1248,106.03640458763405,104.38223667606697
1249,105.94807772511525,104.29528771260347
1250,105.85982443765467,104.20841117642726
1251,105.77164466396532,104.12160700720746
1252,105.68353834281125,104.0348751446634
1253,105.59550541300749,103.94821552856457
1254,105.50754581342008,103.86162809873073
1255,105.41965948296591,103.77511279503165
1256,105.33184636061287,103.68866955738731
1257,105.24410638537958,103.60229832576766
1258,105.15643949633552,103.5159990401927
1259,105.0688456326009,103.42977164073233
1260,104.9813247333466,103.34361606750639
1261,104.89387673779429,103.2575322606847
1262,104.80650158521611,103.17152016048675
1263,104.71919921493495,103.08557970718196
1264,104.63196956632412,102.99971084108947
1265,104.54481257880742,102.91391350257803
1266,104.45772819185927,102.82818763206627
1267,104.37071634500431,102.74253317002226
1268,104.2837769778177,102.65695005696375
1269,104.19691002992481,102.57143823345798
1270,104.11011544100143,102.48599764012181
1271,104.0233931507735,102.40062821762145
1272,103.93674309901722,102.31532990667256
1273,103.85016522555895,102.23010264804024
1274,103.76365947027514,102.14494638253886
1275,103.67722577309236,102.05986105103213
1276,103.59086407398719,101.974846594433
1277,103.50457431298624,101.88990295370365
1278,103.41835643016606,101.80503006985548
1279,103.33221036565308,101.7202278839489
1280,103.24613605962371,101.63549633709358
1281,103.16013345230408,101.55083537044814
1282,103.07420248397015,101.46624492522022
1283,102.98834309494767,101.3817249426665
1284,102.90255522561199,101.29727536409244
1285,102.81683881638827,101.21289613085261
1286,102.73119380775118,101.12858718435027
1287,102.64562014022503,101.04434846603753
1288,102.56011775438368,100.9601799174153
1289,102.47468659085042,100.87608148003316
1290,102.38932659029811,100.79205309548946
1291,102.30403769344889,100.7080947054311
1292,102.21881984107445,100.62420625155369
1293,102.13367297399566,100.54038767560134
1294,102.04859703308274,100.45663891936665
1295,101.96359195925521,100.37295992469083
1296,101.87865769348173,100.28935063346341
1297,101.79379417678022,100.20581098762246
1298,101.70900135021762,100.12234092915423
1299,101.62427915491007,100.03894040009348
1300,101.53962753202266,99.95560934252312
1301,101.45504642276956,99.87234769857436
1302,101.37053576841392,99.78915541042666
1303,101.2860955102677,99.70603242030752
1304,101.20172558969192,99.62297867049273
1305,101.1174259480963,99.539994103306
1306,101.0331965269394,99.45707866111916
1307,100.94903726772864,99.37423228635208
1308,100.86494811202,99.29145492147249
1309,100.78092900141829,99.20874650899617
1310,100.6969798775769,99.1261069914867
1311,100.61310068219774,99.04353631155546
1312,100.5292913570315,98.96103441186182
1313,100.44555184387714,98.87860123511267
1314,100.36188208458229,98.79623672406281
1315,100.2782820210429,98.71394082151464
1316,100.19475159520341,98.63171347031825
1317,100.11129074905655,98.54955461337127
1318,100.02789942464338,98.46746419361895
1319,99.94457756405329,98.38544215405406
1320,99.86132510942386,98.30348843771685
1321,99.77814200294088,98.22160298769501
1322,99.69502818683831,98.13978574712364
1323,99.61198360339819,98.05803665918518
1324,99.5290081949507,97.97635566710947
1325,99.446101903874,97.89474271417356
1326,99.3632646725943,97.81319774370183
1327,99.28049644358573,97.7317206990658
1328,99.19779715937032,97.65031152368415
1329,99.11516676251807,97.56897016102279
1330,99.03260519564668,97.48769655459459
1331,98.95011240142179,97.40649064795961
1332,98.86768832255672,97.32535238472484
1333,98.78533290181251,97.24428170854424
1334,98.7030460819979,97.16327856311874
1335,98.62082780596924,97.08234289219612
1336,98.53867801663053,97.0014746395711
1337,98.45659665693329,96.92067374908513
1338,98.37458366987656,96.83994016462648
1339,98.29263899850692,96.75927383013021
1340,98.21076258591829,96.67867468957797
1341,98.12895437525208,96.59814268699814
1342,98.047214309697,96.51767776646572
1343,97.96554233248915,96.43727987210232
1344,97.88393838691184,96.35694894807602
1345,97.80240241629569,96.27668493860149
1346,97.72093436401849,96.1964877879398
1347,97.63953417350515,96.11635744039847
1348,97.55820178822786,96.03629384033151
1349,97.47693715170568,95.95629693213908
1350,97.39574020750493,95.87636666026786
1351,97.31461089923876,95.79650296921064
1352,97.2335491705674,95.71670580350656
1353,97.15255496519802,95.63697510774094
1354,97.07162822688456,95.55731082654516
1355,96.99076889942798,95.4777129045969
1356,96.90997692667588,95.39818128661975
1357,96.82925225252278,95.31871591738343
1358,96.74859482090987,95.23931674170369
1359,96.668004575825,95.15998370444213
1360,96.58748146130277,95.08071675050645
1361,96.5070254214243,95.00151582485009
1362,96.4266364003174,94.92238087247246
1363,96.34631434215632,94.84331183841869
1364,96.26605919116182,94.7643086677797
1365,96.1858708916012,94.68537130569223
1366,96.1057493877881,94.6064996973386
1367,96.02569462408263,94.52769378794694
1368,95.94570654489118,94.44895352279089
1369,95.86578509466642,94.37027884718962
1370,95.78593021790743,94.29166970650809
1371,95.70614185915936,94.21312604615648
1372,95.62641996301366,94.13464781159065
1373,95.54676447410787,94.0562349483118
1374,95.46717533712572,93.97788740186657
1375,95.38765249679695,93.89960511784692
1376,95.30819589789733,93.82138804189015
1377,95.22880548524871,93.74323611967884
1378,95.14948120371882,93.66514929694081
1379,95.0702229982214,93.58712751944915
1380,94.99103081371598,93.50917073302202
1381,94.91190459520797,93.43127888352274
1382,94.83284428774867,93.3534519168598
1383,94.75384983643502,93.27568977898665
1384,94.67492118640979,93.19799241590181
1385,94.59605828286143,93.1203597736488
1386,94.517261071024,93.04279179831603
1387,94.43852949617722,92.96528843603687
1388,94.3598635036464,92.88784963298951
1389,94.28126303880235,92.81047533539704
1390,94.20272804706141,92.73316548952727
1391,94.12425847388542,92.65592004169281
1392,94.0458542647816,92.578738938251
1393,93.96751536530256,92.50162212560384
1394,93.8892417210463,92.42456955019799
1395,93.81103327765611,92.34758115852468
1396,93.7328899808206,92.2706568971198
1397,93.65481177627358,92.19379671256371
1398,93.57679860979403,92.11700055148124
1399,93.49885042720616,92.04026836054176
1400,93.4209671743793,91.96360008645898
1401,93.34314879722785,91.8869956759911
1402,93.26539524171126,91.81045507594057
1403,93.187706453834,91.73397823315419
1404,93.1100823796455,91.65756509452304
1405,93.03252296524019,91.58121560698245
1406,92.95502815675735,91.50492971751194
1407,92.87759790038112,91.42870737313518
1408,92.8002321423405,91.35254852092
1409,92.72293082890928,91.2764531079783
1410,92.64569390640595,91.20042108146602
1411,92.5685213211938,91.12445238858318
1412,92.4914130196807,91.04854697657369
1413,92.4143689483193,90.97270479272552
1414,92.33738905360669,90.89692578437042
1415,92.2604732820846,90.82120989888409
1416,92.18362158033938,90.7455570836861
1417,92.1068338950017,90.66996728623968
1418,92.03011017274684,90.594440454052
1419,91.9534503602944,90.51897653467381
1420,91.87685440440842,90.44357547569965
1421,91.80032225189724,90.36823722476765
1422,91.72385384961352,90.29296172955955
1423,91.64744914445424,90.21774893780076
1424,91.57110808336053,90.1425987972601
1425,91.49483061331779,90.06751125575003
1426,91.41861668135554,89.9924862611264
1427,91.34246623454743,89.91752376128849
1428,91.26637922001122,89.84262370417905
1429,91.19035558490867,89.7677860377841
1430,91.11439527644565,89.6930107101331
1431,91.03849824187186,89.61829766929867
1432,90.96266442848108,89.54364686339677
1433,90.88689378361092,89.46905824058659
1434,90.81118625464286,89.39453174907044
1435,90.73554178900226,89.32006733709382
1436,90.65996033415819,89.24566495294532
1437,90.58444183762356,89.17132454495663
1438,90.50898624695498,89.09704606150248
1439,90.43359350975268,89.02282945100055
1440,90.35826357366064,88.94867466191154
1441,90.28299638636635,88.87458164273905
1442,90.20779189560098,88.80055034202961
1443,90.13265004913916,88.7265807083726
1444,90.05757079479905,88.6526726904002
1445,89.98255408044228,88.57882623678739
1446,89.90759985397389,88.5050412962519
1447,89.83270806334237,88.43131781755423
1448,89.75787865653948,88.35765574949747
1449,89.6831115816004,88.28405504092744
1450,89.60840678660351,88.2105156407325
1451,89.53376421967049,88.13703749784364
1452,89.45918382896622,88.06362056123434
1453,89.38466556269874,87.99026477992065
1454,89.31020936911929,87.91697010296103
1455,89.23581519652218,87.84373647945644
1456,89.16148299324473,87.77056385855012
1457,89.0872127076674,87.69745218942779
1458,89.01300428821358,87.62440142131746
1459,88.93885768334965,87.5514115034894
1460,88.86477284158492,87.4784823852562
1461,88.79074971147155,87.4056140159726
1462,88.71678824160463,87.3328063450356
1463,88.64288838062197,87.26005932188427
1464,88.56905007720427,87.18737289599989
1465,88.49527328007488,87.11474701690572
1466,88.42155793799996,87.04218163416716
1467,88.34790399978827,86.96967669739158
1468,88.27431141429122,86.89723215622828
1469,88.20078013040289,86.82484796036861
1470,88.12731009705983,86.7525240595457
1471,88.05390126324126,86.6802604035347
1472,87.98055357796875,86.60805694215244
1473,87.90726699030641,86.53591362525763
1474,87.83404144936081,86.46383040275079
1475,87.76087690428083,86.39180722457405
1476,87.68777330425783,86.31984404071142
1477,87.61473059852534,86.24794080118835
1478,87.54174873635928,86.17609745607209
1479,87.46882766707783,86.10431395547143
1480,87.39596734004131,86.03259024953667
1481,87.32316770465229,85.96092628845972
1482,87.25042871035546,85.88932202247392
1483,87.17775030663766,85.81777740185412
1484,87.10513244302773,85.7462923769165
1485,87.03257506909658,85.67486689801868
1486,86.9600781344572,85.60350091555968
1487,86.88764158876445,85.53219437997973
1488,86.81526538171518,85.46094724176042
1489,86.74294946304816,85.38975945142461
1490,86.67069378254395,85.31863095953626
1491,86.59849829002503,85.24756171670064
1492,86.52636293535562,85.17655167356408
1493,86.45428766844174,85.10560078081404
1494,86.38227243923107,85.03470898917907
1495,86.3103171977131,84.96387624942878
1496,86.23842189391887,84.89310251237374
1497,86.16658647792107,84.82238772886551
1498,86.09481089983402,84.75173184979661
1499,86.02309510981355,84.68113482610046
1500,85.95143905805703,84.61059660875135
1501,85.87984269480332,84.5401171487644
1502,85.8083059703327,84.4696963971955
1503,85.7368288349669,84.39933430514142
1504,85.665411239069,84.32903082373953
1505,85.59405313304349,84.25878590416801
1506,85.52275446733607,84.18859949764563
1507,85.4515151924338,84.11847155543184
1508,85.38033525886499,84.0484020288267
1509,85.30921461719905,83.97839086917075
1510,85.23815321804672,83.9084380278452
1511,85.16715101205976,83.83854345627164
1512,85.09620794993111,83.7687071059122
1513,85.02532398239472,83.69892892826937
1514,84.95449906022563,83.62920887488612
1515,84.88373313423986,83.55954689734573
1516,84.81302615529438,83.4899429472718
1517,84.74237807428716,83.42039697632829
1518,84.671788842157,83.35090893621935
1519,84.60125840988361,83.28147877868943
1520,84.5307867284875,83.2121064555231
1521,84.46037374903003,83.14279191854516
1522,84.39001942261328,83.07353511962052
1523,84.31972370038005,83.00433601065413
1524,84.24948653351393,82.93519454359112
1525,84.17930787323905,82.86611067041653
1526,84.10918767082023,82.79708434315545
1527,84.03912587756292,82.72811551387295
1528,83.96912244481304,82.65920413467396
1529,83.89917732395715,82.59035015770343
1530,83.82929046642221,82.52155353514603
1531,83.75946182367566,82.45281421922633
1532,83.68969134722543,82.38413216220872
1533,83.61997898861978,82.31550731639732
1534,83.55032469944733,82.24693963413596
1535,83.48072843133708,82.17842906780822
1536,83.41119013595824,82.10997556983729
1537,83.34170976502035,82.04157909268604
1538,83.27228727027315,81.9732395888569
1539,83.20292260350656,81.90495701089186
1540,83.13361571655068,81.83673131137249
1541,83.06436656127573,81.76856244291983
1542,82.99517508959202,81.70045035819439
1543,82.92604125344987,81.63239500989606
1544,82.85696500483972,81.56439635076423
1545,82.78794629579193,81.49645433357757
1546,82.71898507837683,81.42856891115416
1547,82.65008130470473,81.36074003635134
1548,82.5812349269257,81.29296766206566
1549,82.51244589722982,81.22525174123304
1550,82.44371416784689,81.15759222682848
1551,82.37503969104658,81.08998907186626
1552,82.30642241913826,81.0224422293997
1553,82.237862304471,80.95495165252125
1554,82.16935929943368,80.88751729436252
1555,82.1009133564547,80.82013910809401
1556,82.03252442800222,80.75281704692539
1557,81.96419246658385,80.68555106410516
1558,81.89591742474691,80.61834111292086
1559,81.82769925507813,80.55118714669892
1560,81.75953791020378,80.4840891188046
1561,81.69143334278961,80.41704698264209
1562,81.62338550554075,80.35006069165432
1563,81.55539435120178,80.28313019932304
1564,81.48745983255661,80.21625545916874
1565,81.41958190242849,80.1494364247506
1566,81.35176051367998,80.08267304966657
1567,81.28399561921283,80.01596528755312
1568,81.21628717196816,79.94931309208546
1569,81.14863512492616,79.88271641697732
1570,81.08103943110626,79.816175215981
1571,81.01350004356702,79.74968944288737
1572,80.94601691540605,79.68325905152572
1573,80.87858999976008,79.61688399576383
1574,80.81121924980486,79.55056422950791
1575,80.74390461875515,79.48429970670257
1576,80.67664605986468,79.4180903813308
1577,80.60944352642609,79.35193620741384
1578,80.54229697177098,79.28583713901136
1579,80.47520634926977,79.21979313022116
1580,80.40817161233177,79.1538041351794
1581,80.34119271440505,79.08787010806034
1582,80.27426960897651,79.02199100307648
1583,80.20740224957176,78.95616677447845
1584,80.1405905897551,78.89039737655493
1585,80.0738345831296,78.82468276363278
1586,80.00713418333687,78.75902289007682
1587,79.94048934405723,78.69341771028994
1588,79.87390001900953,78.62786717871298
1589,79.80736616195111,78.56237124982468
1590,79.74088772667798,78.49692987814181
1591,79.67446466702452,78.43154301821895
1592,79.60809693686363,78.36621062464856
1593,79.5417844901066,78.30093265206094
1594,79.47552728070308,78.23570905512412
1595,79.40932526264116,78.17053978854396
1596,79.34317838994718,78.10542480706401
1597,79.27708661668585,78.04036406546555
1598,79.21104989696006,77.97535751856749
1599,79.14506818491101,77.9104051212264
1600,79.07914143471803,77.84550682833643
1601,79.01326960059868,77.78066259482934
1602,78.9474526368086,77.7158723756744
1603,78.8816904976416,77.6511361258784
1604,78.8159831374295,77.5864538004856
1605,78.75033051054218,77.52182535457773
1606,78.68473257138756,77.45725074327392
1607,78.61918927441148,77.39272992173066
1608,78.55370057409779,77.32826284514186
1609,78.48826642496822,77.26384946873871
1610,78.42288678158236,77.19948974778968
1611,78.3575615985377,77.13518363760052
1612,78.29229083046954,77.07093109351422
1613,78.22707443205091,77.00673207091093
1614,78.16191235799268,76.942586525208
1615,78.09680456304339,76.87849441185992
1616,78.0317510019893,76.81445568635827
1617,77.96675162965433,76.75047030423173
1618,77.90180640089999,76.68653822104595
1619,77.83691527062547,76.62265939240372
1620,77.77207819376746,76.55883377394468
1621,77.70729512530019,76.49506132134552
1622,77.64256602023545,76.43134199031978
1623,77.57789083362245,76.36767573661794
1624,77.51326952054788,76.30406251602734
1625,77.44870203613578,76.24050228437207
1626,77.3841883355477,76.17699499751316
1627,77.3197283739824,76.11354061134828
1628,77.25532210667598,76.05013908181184
1629,77.19096948890196,75.98679036487509
1630,77.12667047597091,75.92349441654576
1631,77.06242502323083,75.86025119286843
1632,76.99823308606676,75.79706064992412
1633,76.93409461990099,75.73392274383053
1634,76.87000958019291,75.67083743074191
1635,76.80597792243901,75.60780466684896
1636,76.74199960217288,75.54482440837899
1637,76.67807457496511,75.48189661159566
1638,76.6142027964233,75.4190212327991
1639,76.5503842221921,75.3561982283259
1640,76.486618807953,75.29342755454893
1641,76.42290650942448,75.23070916787746
1642,76.35924728236186,75.16804302475703
1643,76.29564108255741,75.10542908166951
1644,76.23208786584009,75.04286729513298
1645,76.16858758807574,74.98035762170176
1646,76.10514020516696,74.91790001796636
1647,76.04174567305301,74.85549444055339
1648,75.97840394770998,74.79314084612571
1649,75.9151149851505,74.73083919138215
1650,75.85187874142395,74.66858943305773
1651,75.78869517261622,74.6063915279234
1652,75.72556423484984,74.54424543278618
1653,75.66248588428391,74.48215110448909
1654,75.59946007711399,74.42010849991101
1655,75.53648676957216,74.35811757596684
1656,75.47356591792695,74.2961782896073
1657,75.41069747848334,74.23429059781901
1658,75.34788140758266,74.17245445762438
1659,75.28511766160267,74.11066982608168
1660,75.22240619695741,74.04893666028488
1661,75.15974697009723,73.98725491736371
1662,75.09713993750883,73.92562455448369
1663,75.03458505571507,73.86404552884592
1664,74.97208228127504,73.80251779768714
1665,74.90963157078407,73.74104131827984
1666,74.84723288087356,73.67961604793194
1667,74.78488616821114,73.61824194398706
1668,74.72259138950047,73.55691896382426
1669,74.66034850148122,73.49564706485812
1670,74.59815746092926,73.43442620453877
1671,74.53601822465626,73.37325634035163
1672,74.47393074951006,73.31213742981771
1673,74.4118949923743,73.25106943049326
1674,74.34991091016863,73.19005229997
1675,74.28797845984852,73.12908599587489
1676,74.2260975984053,73.06817047587019
1677,74.16426828286619,73.00730569765348
1678,74.10249047029414,72.94649161895755
1679,74.0407641177879,72.88572819755042
1680,73.97908918248194,72.82501539123523
1681,73.91746562154644,72.76435315785032
1682,73.85589339218727,72.70374145526915
1683,73.7943724516459,72.64318024140023
1684,73.73290275719948,72.58266947418717
1685,73.67148426616075,72.52220911160865
1686,73.6101169358779,72.4617991116782
1687,73.5488007237348,72.40143943244455
1688,73.48753558715069,72.34113003199114
1689,73.42632148358037,72.28087086843652
1690,73.36515837051401,72.220661899934
1691,73.30404620547728,72.16050308467183
1692,73.24298494603113,72.10039438087304
1693,73.1819745497719,72.04033574679546
1694,73.12101497433127,71.98032714073172
1695,73.0601061773762,71.92036852100914
1696,72.99924811660892,71.86045984598982
1697,72.9384407497669,71.80060107407054
1698,72.87768403462273,71.74079216368263
1699,72.81697792898433,71.68103307329218
1700,72.7563223906946,71.62132376139978
1701,72.69571737763171,71.56166418654065
1702,72.6351628477088,71.50205430728454
1703,72.57465875887411,71.44249408223567
1704,72.51420506911093,71.3829834700328
1705,72.45380173643751,71.3235224293491
1706,72.39344871890711,71.26411091889216
1707,72.33314597460789,71.204748897404
1708,72.27289346166295,71.145436323661
1709,72.21269113823026,71.08617315647386
1710,72.15253896250263,71.02695935468759
1711,72.09243689270777,70.96779487718153
1712,72.03238488710807,70.90867968286918
1713,71.97238290400078,70.84961373069838
1714,71.91243090171785,70.79059697965106
1715,71.85252883862591,70.73162938874336
1716,71.79267667312637,70.6727109170256
1717,71.73287436365514,70.61384152358212
1718,71.67312186868291,70.55502116753146
1719,71.61341914671483,70.49624980802608
1720,71.55376615629072,70.43752740425259
1721,71.49416285598488,70.37885391543152
1722,71.4346092044061,70.32022930081737
1723,71.37510516019772,70.26165351969864
1724,71.31565068203743,70.20312653139764
1725,71.25624572863744,70.1446482952707
1726,71.19689025874429,70.08621877070789
1727,71.1375842311389,70.02783791713314
1728,71.07832760463653,69.9695056940042
1729,71.01912033808674,69.91122206081259
1730,70.95996239037338,69.85298697708356
1731,70.90085372041452,69.79480040237605
1732,70.84179428716249,69.73666229628276
1733,70.78278404960379,69.67857261842998
1734,70.72382296675906,69.62053132847763
1735,70.66491099768314,69.56253838611929
1736,70.60604810146489,69.50459375108204
1737,70.54723423722736,69.44669738312662
1738,70.48846936412755,69.38884924204717
1739,70.4297534413565,69.33104928767133
1740,70.3710864281393,69.27329747986032
1741,70.31246828373493,69.21559377850866
1742,70.25389896743637,69.15793814354437
1743,70.19537843857049,69.10033053492879
1744,70.13690665649798,69.04277091265662
1745,70.0784835806135,68.98525923675592
1746,70.02010917034539,68.927795467288
1747,69.96178338515594,68.87037956434752
1748,69.90350618454109,68.81301148806224
1749,69.84527752803056,68.7556911985933
1750,69.78709737518781,68.69841865613489
1751,69.72896568560991,68.6411938209144
1752,69.67088241892765,68.58401665319238
1753,69.61284753480543,68.52688711326246
1754,69.55486099294123,68.46980516145135
1755,69.49692275306664,68.41277075811881
1756,69.43903277494675,68.35578386365759
1757,69.38119101838019,68.29884443849346
1758,69.32339744319906,68.24195244308515
1759,69.26565200926895,68.18510783792435
1760,69.20795467648885,68.12831058353564
1761,69.15030540479117,68.07156064047643
1762,69.09270415414169,68.01485796933707
1763,69.03515088453953,67.95820253074072
1764,68.97764555601715,67.9015942853433
1765,68.92018812864029,67.8450331938335
1766,68.86277856250796,67.78851921693284
1767,68.8054168177524,67.73205231539546
1768,68.74810285453906,67.67563245000825
1769,68.69083663306657,67.61925958159073
1770,68.63361811356673,67.5629336709951
1771,68.57644725630445,67.5066546791061
1772,68.51932402157775,67.45042256684114
1773,68.4622483697177,67.3942372951501
1774,68.40522026108843,67.33809882501545
1775,68.34823965608709,67.28200711745214
1776,68.29130651514382,67.22596213350758
1777,68.23442079872171,67.16996383426167
1778,68.17758246731678,67.11401218082665
1779,68.12079148145799,67.05810713434724
1780,68.06404780170709,67.00224865600046
1781,68.00735138865882,66.94643670699574
1782,67.95070220294062,66.89067124857475
1783,67.89410020521281,66.8349522420115
1784,67.83754535616843,66.7792796486122
1785,67.78103761653325,66.72365342971534
1786,67.72457694706583,66.6680735466916
1787,67.66816330855731,66.61253996094382
1788,67.61179666183162,66.55705263390705
1789,67.55547696774521,66.50161152704838
1790,67.49920418718717,66.44621660186706
1791,67.44297828107922,66.39086781989438
1792,67.38679921037553,66.33556514269367
1793,67.33066693606293,66.28030853186034
1794,67.2745814191606,66.2250979490217
1795,67.2185426207203,66.16993335583706
1796,67.1625505018262,66.11481471399772
1797,67.10660502359485,66.05974198522678
1798,67.05070614717526,66.00471513127933
1799,66.99485383374872,65.94973411394224
1800,66.93904804452895,65.8947988950343
1801,66.8832887407619,65.83990943640602
1802,66.8275758837258,65.78506569993968
1803,66.77190943473123,65.73026764754943
1804,66.71628935512086,65.67551524118099
1805,66.6607156062697,65.6208084428119
1806,66.60518814958483,65.56614721445132
1807,66.5497069465055,65.51153151814002
1808,66.49427195850313,65.4569613159505
1809,66.43888314708116,65.40243656998669
1810,66.38354047377518,65.3479572423843
1811,66.32824390015273,65.29352329531035
1812,66.27299338781346,65.23913469096357
1813,66.21778889838892,65.18479139157405
1814,66.16263039354264,65.13049335940337
1815,66.10751783497015,65.07624055674462
1816,66.0524511843988,65.02203294592219
1817,65.9974304035879,64.96787048929193
1818,65.94245545432852,64.913753149241
1819,65.88752629844363,64.85968088818791
1820,65.83264289778799,64.80565366858251
1821,65.7778052142481,64.75167145290584
1822,65.72301320974229,64.69773420367031
1823,65.66826684622049,64.64384188341946
1824,65.61356608566443,64.58999445472807
1825,65.55891089008745,64.53619188020208
1826,65.50430122153455,64.48243412247861
1827,65.44973704208236,64.42872114422588
1828,65.39521831383907,64.37505290814318
1829,65.34074499894447,64.32142937696094
1830,65.28631705956987,64.26785051344058
1831,65.23193445791804,64.21431628037453
1832,65.17759715622334,64.16082664058627
1833,65.1233051167515,64.10738155693018
1834,65.06905830179973,64.05398099229166
1835,65.01485667369661,64.00062490958695
1836,64.96070019480211,63.94731327176321
1837,64.9065888275076,63.89404604179849
1838,64.8525225342357,63.84082318270163
1839,64.79850127744041,63.78764465751234
1840,64.74452501960693,63.73451042930106
1841,64.69059372325177,63.68142046116904
1842,64.63670735092262,63.62837471624823
1843,64.5828658651984,63.57537315770131
1844,64.52906922868917,63.52241574872162
1845,64.47531740403616,63.4695024525332
1846,64.42161035391175,63.41663323239072
1847,64.36794804101932,63.36380805157942
1848,64.31433042809338,63.31102687341513
1849,64.26075747789952,63.25828966124429
1850,64.20722915323424,63.205596378443786
1851,64.15374541692513,63.15294698842111
1852,64.1003062318307,63.100341454614146
1853,64.04691156084039,63.04777974049128
1854,63.993561366874566,62.99526180955132
1855,63.940255612884485,62.94278762532349
1856,63.88699426185227,62.89035715136738
1857,63.83377727679085,62.837970351272915
1858,63.780604620744,62.7856271886604
1859,63.72747625678626,62.7333276271804
1860,63.67439214802291,62.681071630513756
1861,63.62135225759002,62.62885916237162
1862,63.568356548654286,62.576690186495284
1863,63.51540498441318,62.52456466665634
1864,63.46249752809475,62.472482566656474
1865,63.40963414295769,62.42044385032756
1866,63.35681479229135,62.36844848153161
1867,63.30403943941559,62.31649642416071
1868,63.2513080476809,62.26458764213708
1869,63.1986205804682,62.2127220994129
1870,63.14597700118902,62.16089975997047
1871,63.09337727328529,62.10912058782205
1872,63.040821360229415,62.05738454700984
1873,62.988309225524254,62.00569160160608
1874,62.93584083270302,61.95404171571286
1875,62.88341614532934,61.90243485346221
1876,62.83103512699719,61.850870979016044
1877,62.77869774133083,61.79935005656607
1878,62.72640395198488,61.74787205033392
1879,62.674153722644185,61.69643692457094
1880,62.621947017023885,61.645044643558315
1881,62.5697837988693,61.593695171606946
1882,62.517664031955974,61.542388473057464
1883,62.46558768008964,61.491124512280244
1884,62.41355470710614,61.43990325367528
1885,62.36156507687148,61.388724661672285
1886,62.309618753281725,61.337588700730535
1887,62.25771570026307,61.28649533533897
1888,62.205855881771704,61.23544453001607
1889,62.154039261793855,61.184436249309876
1890,62.10226580434579,61.133470457798
1891,62.05053547347368,61.0825471200875
1892,61.9988482332537,61.031666200814946
1893,61.94720404779195,60.9808276646464
1894,61.89560288122436,60.930031476277264
1895,61.84404469771683,60.87927760043245
1896,61.79252946146503,60.82856600186618
1897,61.74105713669453,60.7778966453621
1898,61.68962768766062,60.72726949573312
1899,61.63824107864842,60.676684517821506
1900,61.58689727397278,60.62614167649881
1901,61.535596237978275,60.57564093666582
1902,61.48433793503919,60.52518226325258
1903,61.433122329559474,60.47476562121835
1904,61.38194938597274,60.42439097555157
1905,61.3308190687422,60.374058291269826
1906,61.279731342360705,60.32376753341988
1907,61.22868617135067,60.2735186670776
1908,61.177683520264026,60.22331165734791
1909,61.12672335368231,60.173146469364866
1910,61.07580563621648,60.1230230682915
1911,61.024930332507004,60.072941419319896
1912,60.97409740722385,60.02290148767116
1913,60.92330682506633,59.97290323859529
1914,60.87255855076322,59.92294663737132
1915,60.82185254907266,59.87303164930713
1916,60.77118878478215,59.82315823973955
1917,60.720567222708524,59.773326374034276
1918,60.669987827697895,59.72353601758581
1919,60.619450564625716,59.673787135817555
1920,60.56895539839662,59.62407969418163
1921,60.51850229394455,59.57441365815902
1922,60.46809121623263,59.524788993259406
1923,60.417722130253125,59.47520566502118
1924,60.367395001027546,59.42566363901152
1925,60.31710979360646,59.37616288082621
1926,60.266866473069626,59.326703356089745
1927,60.21666500452581,59.27728503045521
1928,60.166505353112875,59.227907869604316
1929,60.11638748399776,59.178571839247404
1930,60.066311362376354,59.129276905123284
1931,60.01627695347359,59.08002303299941
1932,59.96628422254335,59.03081018867168
1933,59.91633313486845,58.981638337964505
1934,59.86642365576064,58.93250744673078
1935,59.816555750560546,58.883417480851804
1936,59.766729384637685,58.83436840623734
1937,59.7169445233904,58.785360188825514
1938,59.667201132245886,58.736392794582855
1939,59.617499176660125,58.68746618950423
1940,59.56783862211783,58.6385803396128
1941,59.51821943413255,58.589735210960086
1942,59.46864157824647,58.54093076962583
1943,59.41910502003056,58.492166981718086
1944,59.369609725084395,58.44344381337308
1945,59.32015565903628,58.39476123075532
1946,59.270742787543085,58.346119200057416
1947,59.22137107629031,58.29751768750018
1948,59.17204049099205,58.24895665933258
1949,59.12275099739095,58.200436081831654
1950,59.073502561258216,58.151955921302594
1951,59.02429514839351,58.103516144078576
1952,58.97512872462504,58.05511671652089
1953,58.926003255809434,58.00675760501881
1954,58.87691870783178,57.958438775989606
1955,58.82787504660561,57.91016019587857
1956,58.77887223807281,57.861921831158874
1957,58.72991024820364,57.81372364833167
1958,58.680989042996735,57.765565613925986
1959,58.632108588479,57.71744769449873
1960,58.58326885070572,57.66936985663472
1961,58.53446979576038,57.62133206694652
1962,58.48571138975475,57.57333429207458
1963,58.43699359882883,57.5253764986871
1964,58.388316389150795,57.47745865348004
1965,58.33967972691706,57.42958072317716
1966,58.291083578352136,57.381742674529846
1967,58.24252790970871,57.333944474317256
1968,58.19401268726757,57.2861860893462
1969,58.14553787733757,57.23846748645111
1970,58.097103446255666,57.19078863249408
1971,58.04870936038681,57.14314949436478
1972,58.000355586124016,57.095550038980484
1973,57.95204208988826,57.04799023328601
1974,57.903768838128514,57.00047004425371
1975,57.85553579732167,56.952989438883456
1976,57.80734293397257,56.9055483842026
1977,57.759190214613945,56.85814684726597
1978,57.711077605806395,56.81078479515582
1979,57.6630050741384,56.76346219498184
1980,57.61497258622624,56.71617901388111
1981,57.56698010871402,56.66893521901808
1982,57.51902760827364,56.621730777584574
1983,57.471115051604734,56.574565656799706
1984,57.42324240543471,56.52743982390994
1985,57.375409636518675,56.48035324618899
1986,57.32761671163939,56.433305890937824
1987,57.27986359760737,56.386297725484695
1988,57.23215026126069,56.339328717185026
1989,57.18447666946511,56.29239883342146
1990,57.136842789113956,56.245508041603784
1991,57.08924858712815,56.19865630916895
1992,57.04169403045616,56.15184360358105
1993,56.99417908607397,56.10506989233122
1994,56.94670372098512,56.05833514293776
1995,56.89926790222057,56.01163932294593
1996,56.85187159683881,55.96498239992813
